date,St_ID,Region,St_Ele,St_Lat,St_Lon,St_Name,region_id,CHIRPS
1995-01-01,40732,Mazandaran,-20.0,36.9,50.68,Ramsar,MASA,32.29613971710205
1995-01-01,40734,Mazandaran,-20.9,36.66,51.47,Nowshahr,MASA,37.66971778869629
1995-01-01,40735,Mazandaran,1855.4,36.23,51.3,Siahbisheh,MASA,68.24708676338196
1995-01-01,40736,Mazandaran,-21.0,36.7,52.64,Babolsar,MASA,46.9200306387231
1995-01-01,40737,Mazandaran,14.7,36.49,52.11,Gharakhil,MASA,44.85470724105835
1995-01-01,40759,Mazandaran,23.0,36.54,53.0,Sari,MASA,39.899590492248535
1995-01-01,40760,Mazandaran,1294.3,36.25,53.55,Kiyasar,MASA,56.384889125823975
1995-01-01,40788,Mazandaran,16.7,36.64,53.2,Sari (Dasht-E-Naz Airport),MASA,33.82572889328003
1995-01-01,99299,Mazandaran,-10.0,36.74,53.84,Galugah,MASA,30.88670778274536
1995-01-01,99306,Mazandaran,-20.0,36.86,53.39,Bandar-E-Amirabad,MASA,30.657850384023146
1995-01-01,99309,Mazandaran,23.7,36.48,52.47,Amol,MASA,47.957847595214844
1995-01-01,99348,Mazandaran,1550.0,36.39,51.73,Kojur,MASA,62.55725312232971
1995-01-01,99357,Mazandaran,2120.0,36.2,51.8,Baladeh,MASA,69.87304615974426
1995-01-01,99360,Mazandaran,610.0,36.1,53.06,Polsefid,MASA,38.788695335388184
1995-01-01,99361,Mazandaran,1805.0,36.07,52.84,Alasht,MASA,66.71573185920715
1995-02-01,40732,Mazandaran,-20.0,36.9,50.68,Ramsar,MASA,44.71474838256836
1995-02-01,40734,Mazandaran,-20.9,36.66,51.47,Nowshahr,MASA,40.02682113647461
1995-02-01,40735,Mazandaran,1855.4,36.23,51.3,Siahbisheh,MASA,61.237656593322754
1995-02-01,40736,Mazandaran,-21.0,36.7,52.64,Babolsar,MASA,36.904300217581266
1995-02-01,40737,Mazandaran,14.7,36.49,52.11,Gharakhil,MASA,49.06557083129883
1995-02-01,40759,Mazandaran,23.0,36.54,53.0,Sari,MASA,41.32339859008789
1995-02-01,40760,Mazandaran,1294.3,36.25,53.55,Kiyasar,MASA,49.47765350341797
1995-02-01,40788,Mazandaran,16.7,36.64,53.2,Sari (Dasht-E-Naz Airport),MASA,35.05009460449219
1995-02-01,99299,Mazandaran,-10.0,36.74,53.84,Galugah,MASA,31.908100128173828
1995-02-01,99306,Mazandaran,-20.0,36.86,53.39,Bandar-E-Amirabad,MASA,33.143077332160374
1995-02-01,99309,Mazandaran,23.7,36.48,52.47,Amol,MASA,45.09510803222656
1995-02-01,99348,Mazandaran,1550.0,36.39,51.73,Kojur,MASA,71.77725601196289
1995-02-01,99357,Mazandaran,2120.0,36.2,51.8,Baladeh,MASA,74.21918296813965
1995-02-01,99360,Mazandaran,610.0,36.1,53.06,Polsefid,MASA,65.70173835754395
1995-02-01,99361,Mazandaran,1805.0,36.07,52.84,Alasht,MASA,86.86981964111328
1995-03-01,40732,Mazandaran,-20.0,36.9,50.68,Ramsar,MASA,25.93974018096924
1995-03-01,40734,Mazandaran,-20.9,36.66,51.47,Nowshahr,MASA,35.91603088378906
1995-03-01,40735,Mazandaran,1855.4,36.23,51.3,Siahbisheh,MASA,166.94892001152039
1995-03-01,40736,Mazandaran,-21.0,36.7,52.64,Babolsar,MASA,19.5434463661496
1995-03-01,40737,Mazandaran,14.7,36.49,52.11,Gharakhil,MASA,38.402910232543945
1995-03-01,40759,Mazandaran,23.0,36.54,53.0,Sari,MASA,25.594218730926514
1995-03-01,40760,Mazandaran,1294.3,36.25,53.55,Kiyasar,MASA,24.43213391304016
1995-03-01,40788,Mazandaran,16.7,36.64,53.2,Sari (Dasht-E-Naz Airport),MASA,23.980375289916992
1995-03-01,99299,Mazandaran,-10.0,36.74,53.84,Galugah,MASA,27.489723443984985
1995-03-01,99306,Mazandaran,-20.0,36.86,53.39,Bandar-E-Amirabad,MASA,22.257997343305906
1995-03-01,99309,Mazandaran,23.7,36.48,52.47,Amol,MASA,27.08881139755249
1995-03-01,99348,Mazandaran,1550.0,36.39,51.73,Kojur,MASA,83.01571655273438
1995-03-01,99357,Mazandaran,2120.0,36.2,51.8,Baladeh,MASA,173.4107437133789
1995-03-01,99360,Mazandaran,610.0,36.1,53.06,Polsefid,MASA,50.88449001312256
1995-03-01,99361,Mazandaran,1805.0,36.07,52.84,Alasht,MASA,62.403063893318176
1995-04-01,40732,Mazandaran,-20.0,36.9,50.68,Ramsar,MASA,72.42390394210815
1995-04-01,40734,Mazandaran,-20.9,36.66,51.47,Nowshahr,MASA,92.6540641784668
1995-04-01,40735,Mazandaran,1855.4,36.23,51.3,Siahbisheh,MASA,347.5766143798828
1995-04-01,40736,Mazandaran,-21.0,36.7,52.64,Babolsar,MASA,47.90800584660899
1995-04-01,40737,Mazandaran,14.7,36.49,52.11,Gharakhil,MASA,73.63952922821045
1995-04-01,40759,Mazandaran,23.0,36.54,53.0,Sari,MASA,70.64232921600342
1995-04-01,40760,Mazandaran,1294.3,36.25,53.55,Kiyasar,MASA,44.04179096221924
1995-04-01,40788,Mazandaran,16.7,36.64,53.2,Sari (Dasht-E-Naz Airport),MASA,58.48591947555542
1995-04-01,99299,Mazandaran,-10.0,36.74,53.84,Galugah,MASA,27.406171798706055
1995-04-01,99306,Mazandaran,-20.0,36.86,53.39,Bandar-E-Amirabad,MASA,39.72606903693579
1995-04-01,99309,Mazandaran,23.7,36.48,52.47,Amol,MASA,76.47775077819824
1995-04-01,99348,Mazandaran,1550.0,36.39,51.73,Kojur,MASA,165.7063398361206
1995-04-01,99357,Mazandaran,2120.0,36.2,51.8,Baladeh,MASA,323.28790855407715
1995-04-01,99360,Mazandaran,610.0,36.1,53.06,Polsefid,MASA,101.55632448196411
1995-04-01,99361,Mazandaran,1805.0,36.07,52.84,Alasht,MASA,92.3733901977539
1995-05-01,40732,Mazandaran,-20.0,36.9,50.68,Ramsar,MASA,24.760648727416992
1995-05-01,40734,Mazandaran,-20.9,36.66,51.47,Nowshahr,MASA,18.497031688690186
1995-05-01,40735,Mazandaran,1855.4,36.23,51.3,Siahbisheh,MASA,36.45912551879883
1995-05-01,40736,Mazandaran,-21.0,36.7,52.64,Babolsar,MASA,12.742218459006587
1995-05-01,40737,Mazandaran,14.7,36.49,52.11,Gharakhil,MASA,17.961649894714355
1995-05-01,40759,Mazandaran,23.0,36.54,53.0,Sari,MASA,15.629461288452148
1995-05-01,40760,Mazandaran,1294.3,36.25,53.55,Kiyasar,MASA,14.206270217895508
1995-05-01,40788,Mazandaran,16.7,36.64,53.2,Sari (Dasht-E-Naz Airport),MASA,12.746150970458984
1995-05-01,99299,Mazandaran,-10.0,36.74,53.84,Galugah,MASA,6.881843566894531
1995-05-01,99306,Mazandaran,-20.0,36.86,53.39,Bandar-E-Amirabad,MASA,8.110373958342336
1995-05-01,99309,Mazandaran,23.7,36.48,52.47,Amol,MASA,16.405595302581787
1995-05-01,99348,Mazandaran,1550.0,36.39,51.73,Kojur,MASA,21.742328643798828
1995-05-01,99357,Mazandaran,2120.0,36.2,51.8,Baladeh,MASA,29.27371597290039
1995-05-01,99360,Mazandaran,610.0,36.1,53.06,Polsefid,MASA,22.767547607421875
1995-05-01,99361,Mazandaran,1805.0,36.07,52.84,Alasht,MASA,22.81485939025879
1995-06-01,40732,Mazandaran,-20.0,36.9,50.68,Ramsar,MASA,41.524301052093506
1995-06-01,40734,Mazandaran,-20.9,36.66,51.47,Nowshahr,MASA,22.372294902801514
1995-06-01,40735,Mazandaran,1855.4,36.23,51.3,Siahbisheh,MASA,38.089956283569336
1995-06-01,40736,Mazandaran,-21.0,36.7,52.64,Babolsar,MASA,22.989489660994842
1995-06-01,40737,Mazandaran,14.7,36.49,52.11,Gharakhil,MASA,19.760074615478516
1995-06-01,40759,Mazandaran,23.0,36.54,53.0,Sari,MASA,22.00874614715576
1995-06-01,40760,Mazandaran,1294.3,36.25,53.55,Kiyasar,MASA,13.649512767791748
1995-06-01,40788,Mazandaran,16.7,36.64,53.2,Sari (Dasht-E-Naz Airport),MASA,11.20796012878418
1995-06-01,99299,Mazandaran,-10.0,36.74,53.84,Galugah,MASA,8.706019878387451
1995-06-01,99306,Mazandaran,-20.0,36.86,53.39,Bandar-E-Amirabad,MASA,8.778208490051973
1995-06-01,99309,Mazandaran,23.7,36.48,52.47,Amol,MASA,25.570176362991333
1995-06-01,99348,Mazandaran,1550.0,36.39,51.73,Kojur,MASA,40.36358070373535
1995-06-01,99357,Mazandaran,2120.0,36.2,51.8,Baladeh,MASA,37.181429862976074
1995-06-01,99360,Mazandaran,610.0,36.1,53.06,Polsefid,MASA,18.407581329345703
1995-06-01,99361,Mazandaran,1805.0,36.07,52.84,Alasht,MASA,21.415855407714844
1995-07-01,40732,Mazandaran,-20.0,36.9,50.68,Ramsar,MASA,29.279037952423096
1995-07-01,40734,Mazandaran,-20.9,36.66,51.47,Nowshahr,MASA,9.636856079101562
1995-07-01,40735,Mazandaran,1855.4,36.23,51.3,Siahbisheh,MASA,14.65169620513916
1995-07-01,40736,Mazandaran,-21.0,36.7,52.64,Babolsar,MASA,15.427575368987453
1995-07-01,40737,Mazandaran,14.7,36.49,52.11,Gharakhil,MASA,16.65318775177002
1995-07-01,40759,Mazandaran,23.0,36.54,53.0,Sari,MASA,15.836679100990295
1995-07-01,40760,Mazandaran,1294.3,36.25,53.55,Kiyasar,MASA,14.622455835342407
1995-07-01,40788,Mazandaran,16.7,36.64,53.2,Sari (Dasht-E-Naz Airport),MASA,17.14600706100464
1995-07-01,99299,Mazandaran,-10.0,36.74,53.84,Galugah,MASA,11.645318508148193
1995-07-01,99306,Mazandaran,-20.0,36.86,53.39,Bandar-E-Amirabad,MASA,14.682439307946
1995-07-01,99309,Mazandaran,23.7,36.48,52.47,Amol,MASA,12.720437407493591
1995-07-01,99348,Mazandaran,1550.0,36.39,51.73,Kojur,MASA,10.745634078979492
1995-07-01,99357,Mazandaran,2120.0,36.2,51.8,Baladeh,MASA,16.54084062576294
1995-07-01,99360,Mazandaran,610.0,36.1,53.06,Polsefid,MASA,22.085295915603638
1995-07-01,99361,Mazandaran,1805.0,36.07,52.84,Alasht,MASA,22.649659633636475
1995-08-01,40732,Mazandaran,-20.0,36.9,50.68,Ramsar,MASA,64.15974235534668
1995-08-01,40734,Mazandaran,-20.9,36.66,51.47,Nowshahr,MASA,24.719913959503174
1995-08-01,40735,Mazandaran,1855.4,36.23,51.3,Siahbisheh,MASA,15.085350036621094
1995-08-01,40736,Mazandaran,-21.0,36.7,52.64,Babolsar,MASA,47.62937973395433
1995-08-01,40737,Mazandaran,14.7,36.49,52.11,Gharakhil,MASA,34.497424364089966
1995-08-01,40759,Mazandaran,23.0,36.54,53.0,Sari,MASA,37.32255220413208
1995-08-01,40760,Mazandaran,1294.3,36.25,53.55,Kiyasar,MASA,40.561400413513184
1995-08-01,40788,Mazandaran,16.7,36.64,53.2,Sari (Dasht-E-Naz Airport),MASA,29.382948875427246
1995-08-01,99299,Mazandaran,-10.0,36.74,53.84,Galugah,MASA,18.467037200927734
1995-08-01,99306,Mazandaran,-20.0,36.86,53.39,Bandar-E-Amirabad,MASA,28.809413601208288
1995-08-01,99309,Mazandaran,23.7,36.48,52.47,Amol,MASA,41.02586317062378
1995-08-01,99348,Mazandaran,1550.0,36.39,51.73,Kojur,MASA,28.150311946868896
1995-08-01,99357,Mazandaran,2120.0,36.2,51.8,Baladeh,MASA,27.18672800064087
1995-08-01,99360,Mazandaran,610.0,36.1,53.06,Polsefid,MASA,37.913297176361084
1995-08-01,99361,Mazandaran,1805.0,36.07,52.84,Alasht,MASA,41.622504234313965
1995-09-01,40732,Mazandaran,-20.0,36.9,50.68,Ramsar,MASA,29.850759983062744
1995-09-01,40734,Mazandaran,-20.9,36.66,51.47,Nowshahr,MASA,46.762107610702515
1995-09-01,40735,Mazandaran,1855.4,36.23,51.3,Siahbisheh,MASA,29.265578508377075
1995-09-01,40736,Mazandaran,-21.0,36.7,52.64,Babolsar,MASA,63.058612908319674
1995-09-01,40737,Mazandaran,14.7,36.49,52.11,Gharakhil,MASA,62.30758881568909
1995-09-01,40759,Mazandaran,23.0,36.54,53.0,Sari,MASA,54.39188635349274
1995-09-01,40760,Mazandaran,1294.3,36.25,53.55,Kiyasar,MASA,32.239609718322754
1995-09-01,40788,Mazandaran,16.7,36.64,53.2,Sari (Dasht-E-Naz Airport),MASA,50.28445601463318
1995-09-01,99299,Mazandaran,-10.0,36.74,53.84,Galugah,MASA,26.266966342926025
1995-09-01,99306,Mazandaran,-20.0,36.86,53.39,Bandar-E-Amirabad,MASA,38.24881118983892
1995-09-01,99309,Mazandaran,23.7,36.48,52.47,Amol,MASA,59.0501594543457
1995-09-01,99348,Mazandaran,1550.0,36.39,51.73,Kojur,MASA,45.484124422073364
1995-09-01,99357,Mazandaran,2120.0,36.2,51.8,Baladeh,MASA,40.53789710998535
1995-09-01,99360,Mazandaran,610.0,36.1,53.06,Polsefid,MASA,41.834001779556274
1995-09-01,99361,Mazandaran,1805.0,36.07,52.84,Alasht,MASA,40.753507137298584
1995-10-01,40732,Mazandaran,-20.0,36.9,50.68,Ramsar,MASA,47.792216062545776
1995-10-01,40734,Mazandaran,-20.9,36.66,51.47,Nowshahr,MASA,78.29662203788757
1995-10-01,40735,Mazandaran,1855.4,36.23,51.3,Siahbisheh,MASA,73.56155776977539
1995-10-01,40736,Mazandaran,-21.0,36.7,52.64,Babolsar,MASA,103.77376095434228
1995-10-01,40737,Mazandaran,14.7,36.49,52.11,Gharakhil,MASA,74.44999170303345
1995-10-01,40759,Mazandaran,23.0,36.54,53.0,Sari,MASA,61.790817737579346
1995-10-01,40760,Mazandaran,1294.3,36.25,53.55,Kiyasar,MASA,27.463120937347412
1995-10-01,40788,Mazandaran,16.7,36.64,53.2,Sari (Dasht-E-Naz Airport),MASA,60.40517044067383
1995-10-01,99299,Mazandaran,-10.0,36.74,53.84,Galugah,MASA,37.01546573638916
1995-10-01,99306,Mazandaran,-20.0,36.86,53.39,Bandar-E-Amirabad,MASA,59.649699098112954
1995-10-01,99309,Mazandaran,23.7,36.48,52.47,Amol,MASA,78.98757934570312
1995-10-01,99348,Mazandaran,1550.0,36.39,51.73,Kojur,MASA,74.65325403213501
1995-10-01,99357,Mazandaran,2120.0,36.2,51.8,Baladeh,MASA,63.51896095275879
1995-10-01,99360,Mazandaran,610.0,36.1,53.06,Polsefid,MASA,32.709280014038086
1995-10-01,99361,Mazandaran,1805.0,36.07,52.84,Alasht,MASA,43.49709510803223
1995-11-01,40732,Mazandaran,-20.0,36.9,50.68,Ramsar,MASA,69.71951866149902
1995-11-01,40734,Mazandaran,-20.9,36.66,51.47,Nowshahr,MASA,80.31513833999634
1995-11-01,40735,Mazandaran,1855.4,36.23,51.3,Siahbisheh,MASA,172.62588435411453
1995-11-01,40736,Mazandaran,-21.0,36.7,52.64,Babolsar,MASA,80.02466338135228
1995-11-01,40737,Mazandaran,14.7,36.49,52.11,Gharakhil,MASA,89.22832751274109
1995-11-01,40759,Mazandaran,23.0,36.54,53.0,Sari,MASA,83.18602776527405
1995-11-01,40760,Mazandaran,1294.3,36.25,53.55,Kiyasar,MASA,57.19038510322571
1995-11-01,40788,Mazandaran,16.7,36.64,53.2,Sari (Dasht-E-Naz Airport),MASA,69.6718248128891
1995-11-01,99299,Mazandaran,-10.0,36.74,53.84,Galugah,MASA,50.62959694862366
1995-11-01,99306,Mazandaran,-20.0,36.86,53.39,Bandar-E-Amirabad,MASA,63.54101911135492
1995-11-01,99309,Mazandaran,23.7,36.48,52.47,Amol,MASA,75.71741223335266
1995-11-01,99348,Mazandaran,1550.0,36.39,51.73,Kojur,MASA,141.67709493637085
1995-11-01,99357,Mazandaran,2120.0,36.2,51.8,Baladeh,MASA,172.2554121017456
1995-11-01,99360,Mazandaran,610.0,36.1,53.06,Polsefid,MASA,89.8407701253891
1995-11-01,99361,Mazandaran,1805.0,36.07,52.84,Alasht,MASA,121.89103269577026
1995-12-01,40732,Mazandaran,-20.0,36.9,50.68,Ramsar,MASA,77.21216583251953
1995-12-01,40734,Mazandaran,-20.9,36.66,51.47,Nowshahr,MASA,73.60690307617188
1995-12-01,40735,Mazandaran,1855.4,36.23,51.3,Siahbisheh,MASA,172.22681879997253
1995-12-01,40736,Mazandaran,-21.0,36.7,52.64,Babolsar,MASA,83.48719401406771
1995-12-01,40737,Mazandaran,14.7,36.49,52.11,Gharakhil,MASA,88.76774597167969
1995-12-01,40759,Mazandaran,23.0,36.54,53.0,Sari,MASA,78.95830917358398
1995-12-01,40760,Mazandaran,1294.3,36.25,53.55,Kiyasar,MASA,85.15502691268921
1995-12-01,40788,Mazandaran,16.7,36.64,53.2,Sari (Dasht-E-Naz Airport),MASA,61.90167236328125
1995-12-01,99299,Mazandaran,-10.0,36.74,53.84,Galugah,MASA,37.802143573760986
1995-12-01,99306,Mazandaran,-20.0,36.86,53.39,Bandar-E-Amirabad,MASA,46.48399312509966
1995-12-01,99309,Mazandaran,23.7,36.48,52.47,Amol,MASA,84.9462890625
1995-12-01,99348,Mazandaran,1550.0,36.39,51.73,Kojur,MASA,121.1072998046875
1995-12-01,99357,Mazandaran,2120.0,36.2,51.8,Baladeh,MASA,176.99096989631653
1995-12-01,99360,Mazandaran,610.0,36.1,53.06,Polsefid,MASA,121.47097516059875
1995-12-01,99361,Mazandaran,1805.0,36.07,52.84,Alasht,MASA,142.58739948272705
1996-01-01,40732,Mazandaran,-20.0,36.9,50.68,Ramsar,MASA,53.990346908569336
1996-01-01,40734,Mazandaran,-20.9,36.66,51.47,Nowshahr,MASA,74.85779762268066
1996-01-01,40735,Mazandaran,1855.4,36.23,51.3,Siahbisheh,MASA,122.97983980178833
1996-01-01,40736,Mazandaran,-21.0,36.7,52.64,Babolsar,MASA,66.98006565145927
1996-01-01,40737,Mazandaran,14.7,36.49,52.11,Gharakhil,MASA,76.77816438674927
1996-01-01,40759,Mazandaran,23.0,36.54,53.0,Sari,MASA,58.04439067840576
1996-01-01,40760,Mazandaran,1294.3,36.25,53.55,Kiyasar,MASA,80.81434202194214
1996-01-01,40788,Mazandaran,16.7,36.64,53.2,Sari (Dasht-E-Naz Airport),MASA,49.18537139892578
1996-01-01,99299,Mazandaran,-10.0,36.74,53.84,Galugah,MASA,41.17172956466675
1996-01-01,99306,Mazandaran,-20.0,36.86,53.39,Bandar-E-Amirabad,MASA,43.89077740597587
1996-01-01,99309,Mazandaran,23.7,36.48,52.47,Amol,MASA,73.00621891021729
1996-01-01,99348,Mazandaran,1550.0,36.39,51.73,Kojur,MASA,118.45337295532227
1996-01-01,99357,Mazandaran,2120.0,36.2,51.8,Baladeh,MASA,125.84058380126953
1996-01-01,99360,Mazandaran,610.0,36.1,53.06,Polsefid,MASA,61.39535665512085
1996-01-01,99361,Mazandaran,1805.0,36.07,52.84,Alasht,MASA,110.0402227640152
1996-02-01,40732,Mazandaran,-20.0,36.9,50.68,Ramsar,MASA,105.75124549865723
1996-02-01,40734,Mazandaran,-20.9,36.66,51.47,Nowshahr,MASA,86.90812683105469
1996-02-01,40735,Mazandaran,1855.4,36.23,51.3,Siahbisheh,MASA,135.28132319450378
1996-02-01,40736,Mazandaran,-21.0,36.7,52.64,Babolsar,MASA,63.48019984571061
1996-02-01,40737,Mazandaran,14.7,36.49,52.11,Gharakhil,MASA,79.75006628036499
1996-02-01,40759,Mazandaran,23.0,36.54,53.0,Sari,MASA,57.44026970863342
1996-02-01,40760,Mazandaran,1294.3,36.25,53.55,Kiyasar,MASA,90.85198879241943
1996-02-01,40788,Mazandaran,16.7,36.64,53.2,Sari (Dasht-E-Naz Airport),MASA,49.40305185317993
1996-02-01,99299,Mazandaran,-10.0,36.74,53.84,Galugah,MASA,60.18279266357422
1996-02-01,99306,Mazandaran,-20.0,36.86,53.39,Bandar-E-Amirabad,MASA,46.32210856366019
1996-02-01,99309,Mazandaran,23.7,36.48,52.47,Amol,MASA,82.97592163085938
1996-02-01,99348,Mazandaran,1550.0,36.39,51.73,Kojur,MASA,128.8539581298828
1996-02-01,99357,Mazandaran,2120.0,36.2,51.8,Baladeh,MASA,152.41305887699127
1996-02-01,99360,Mazandaran,610.0,36.1,53.06,Polsefid,MASA,108.80655550956726
1996-02-01,99361,Mazandaran,1805.0,36.07,52.84,Alasht,MASA,148.83725136518478
1996-03-01,40732,Mazandaran,-20.0,36.9,50.68,Ramsar,MASA,29.769657135009766
1996-03-01,40734,Mazandaran,-20.9,36.66,51.47,Nowshahr,MASA,43.15859079360962
1996-03-01,40735,Mazandaran,1855.4,36.23,51.3,Siahbisheh,MASA,230.45930290222168
1996-03-01,40736,Mazandaran,-21.0,36.7,52.64,Babolsar,MASA,26.709790842958018
1996-03-01,40737,Mazandaran,14.7,36.49,52.11,Gharakhil,MASA,52.367629528045654
1996-03-01,40759,Mazandaran,23.0,36.54,53.0,Sari,MASA,20.504347324371338
1996-03-01,40760,Mazandaran,1294.3,36.25,53.55,Kiyasar,MASA,28.951489448547363
1996-03-01,40788,Mazandaran,16.7,36.64,53.2,Sari (Dasht-E-Naz Airport),MASA,19.455878257751465
1996-03-01,99299,Mazandaran,-10.0,36.74,53.84,Galugah,MASA,30.01175308227539
1996-03-01,99306,Mazandaran,-20.0,36.86,53.39,Bandar-E-Amirabad,MASA,23.999353665147904
1996-03-01,99309,Mazandaran,23.7,36.48,52.47,Amol,MASA,39.55042266845703
1996-03-01,99348,Mazandaran,1550.0,36.39,51.73,Kojur,MASA,97.04226922988892
1996-03-01,99357,Mazandaran,2120.0,36.2,51.8,Baladeh,MASA,198.70119857788086
1996-03-01,99360,Mazandaran,610.0,36.1,53.06,Polsefid,MASA,66.54602909088135
1996-03-01,99361,Mazandaran,1805.0,36.07,52.84,Alasht,MASA,95.34989833831787
1996-04-01,40732,Mazandaran,-20.0,36.9,50.68,Ramsar,MASA,32.099496364593506
1996-04-01,40734,Mazandaran,-20.9,36.66,51.47,Nowshahr,MASA,49.43927192687988
1996-04-01,40735,Mazandaran,1855.4,36.23,51.3,Siahbisheh,MASA,199.33187103271484
1996-04-01,40736,Mazandaran,-21.0,36.7,52.64,Babolsar,MASA,34.042338979716355
1996-04-01,40737,Mazandaran,14.7,36.49,52.11,Gharakhil,MASA,50.186452865600586
1996-04-01,40759,Mazandaran,23.0,36.54,53.0,Sari,MASA,48.47248840332031
1996-04-01,40760,Mazandaran,1294.3,36.25,53.55,Kiyasar,MASA,28.207919597625732
1996-04-01,40788,Mazandaran,16.7,36.64,53.2,Sari (Dasht-E-Naz Airport),MASA,39.04924392700195
1996-04-01,99299,Mazandaran,-10.0,36.74,53.84,Galugah,MASA,16.925761222839355
1996-04-01,99306,Mazandaran,-20.0,36.86,53.39,Bandar-E-Amirabad,MASA,22.083374337653893
1996-04-01,99309,Mazandaran,23.7,36.48,52.47,Amol,MASA,51.12943458557129
1996-04-01,99348,Mazandaran,1550.0,36.39,51.73,Kojur,MASA,100.47000885009766
1996-04-01,99357,Mazandaran,2120.0,36.2,51.8,Baladeh,MASA,196.41393280029297
1996-04-01,99360,Mazandaran,610.0,36.1,53.06,Polsefid,MASA,45.960291385650635
1996-04-01,99361,Mazandaran,1805.0,36.07,52.84,Alasht,MASA,51.088189125061035
1996-05-01,40732,Mazandaran,-20.0,36.9,50.68,Ramsar,MASA,30.07323932647705
1996-05-01,40734,Mazandaran,-20.9,36.66,51.47,Nowshahr,MASA,27.891111373901367
1996-05-01,40735,Mazandaran,1855.4,36.23,51.3,Siahbisheh,MASA,56.27480506896973
1996-05-01,40736,Mazandaran,-21.0,36.7,52.64,Babolsar,MASA,22.034084261053863
1996-05-01,40737,Mazandaran,14.7,36.49,52.11,Gharakhil,MASA,24.383082389831543
1996-05-01,40759,Mazandaran,23.0,36.54,53.0,Sari,MASA,29.347881317138672
1996-05-01,40760,Mazandaran,1294.3,36.25,53.55,Kiyasar,MASA,23.24928092956543
1996-05-01,40788,Mazandaran,16.7,36.64,53.2,Sari (Dasht-E-Naz Airport),MASA,24.325420379638672
1996-05-01,99299,Mazandaran,-10.0,36.74,53.84,Galugah,MASA,16.98191261291504
1996-05-01,99306,Mazandaran,-20.0,36.86,53.39,Bandar-E-Amirabad,MASA,19.863105452818676
1996-05-01,99309,Mazandaran,23.7,36.48,52.47,Amol,MASA,28.257356643676758
1996-05-01,99348,Mazandaran,1550.0,36.39,51.73,Kojur,MASA,31.67801332473755
1996-05-01,99357,Mazandaran,2120.0,36.2,51.8,Baladeh,MASA,46.21323204040527
1996-05-01,99360,Mazandaran,610.0,36.1,53.06,Polsefid,MASA,30.492107391357422
1996-05-01,99361,Mazandaran,1805.0,36.07,52.84,Alasht,MASA,33.94744539260864
1996-06-01,40732,Mazandaran,-20.0,36.9,50.68,Ramsar,MASA,44.317633628845215
1996-06-01,40734,Mazandaran,-20.9,36.66,51.47,Nowshahr,MASA,24.548936128616333
1996-06-01,40735,Mazandaran,1855.4,36.23,51.3,Siahbisheh,MASA,40.626258850097656
1996-06-01,40736,Mazandaran,-21.0,36.7,52.64,Babolsar,MASA,27.079614163625358
1996-06-01,40737,Mazandaran,14.7,36.49,52.11,Gharakhil,MASA,23.0278480052948
1996-06-01,40759,Mazandaran,23.0,36.54,53.0,Sari,MASA,27.833038330078125
1996-06-01,40760,Mazandaran,1294.3,36.25,53.55,Kiyasar,MASA,17.507050037384033
1996-06-01,40788,Mazandaran,16.7,36.64,53.2,Sari (Dasht-E-Naz Airport),MASA,14.227311372756958
1996-06-01,99299,Mazandaran,-10.0,36.74,53.84,Galugah,MASA,10.939028024673462
1996-06-01,99306,Mazandaran,-20.0,36.86,53.39,Bandar-E-Amirabad,MASA,11.023933547080597
1996-06-01,99309,Mazandaran,23.7,36.48,52.47,Amol,MASA,29.24399971961975
1996-06-01,99348,Mazandaran,1550.0,36.39,51.73,Kojur,MASA,44.49503469467163
1996-06-01,99357,Mazandaran,2120.0,36.2,51.8,Baladeh,MASA,40.474036693573
1996-06-01,99360,Mazandaran,610.0,36.1,53.06,Polsefid,MASA,22.277118682861328
1996-06-01,99361,Mazandaran,1805.0,36.07,52.84,Alasht,MASA,24.87508225440979
1996-07-01,40732,Mazandaran,-20.0,36.9,50.68,Ramsar,MASA,29.324951171875
1996-07-01,40734,Mazandaran,-20.9,36.66,51.47,Nowshahr,MASA,9.398952960968018
1996-07-01,40735,Mazandaran,1855.4,36.23,51.3,Siahbisheh,MASA,14.651733875274658
1996-07-01,40736,Mazandaran,-21.0,36.7,52.64,Babolsar,MASA,14.612045197203608
1996-07-01,40737,Mazandaran,14.7,36.49,52.11,Gharakhil,MASA,15.627378940582275
1996-07-01,40759,Mazandaran,23.0,36.54,53.0,Sari,MASA,14.520057678222656
1996-07-01,40760,Mazandaran,1294.3,36.25,53.55,Kiyasar,MASA,12.937191486358643
1996-07-01,40788,Mazandaran,16.7,36.64,53.2,Sari (Dasht-E-Naz Airport),MASA,15.202247619628906
1996-07-01,99299,Mazandaran,-10.0,36.74,53.84,Galugah,MASA,9.89508843421936
1996-07-01,99306,Mazandaran,-20.0,36.86,53.39,Bandar-E-Amirabad,MASA,12.837615494094141
1996-07-01,99309,Mazandaran,23.7,36.48,52.47,Amol,MASA,11.996299266815186
1996-07-01,99348,Mazandaran,1550.0,36.39,51.73,Kojur,MASA,10.539050102233887
1996-07-01,99357,Mazandaran,2120.0,36.2,51.8,Baladeh,MASA,16.471296310424805
1996-07-01,99360,Mazandaran,610.0,36.1,53.06,Polsefid,MASA,20.65473985671997
1996-07-01,99361,Mazandaran,1805.0,36.07,52.84,Alasht,MASA,21.66599130630493
1996-08-01,40732,Mazandaran,-20.0,36.9,50.68,Ramsar,MASA,66.15999710559845
1996-08-01,40734,Mazandaran,-20.9,36.66,51.47,Nowshahr,MASA,27.492669582366943
1996-08-01,40735,Mazandaran,1855.4,36.23,51.3,Siahbisheh,MASA,18.48353624343872
1996-08-01,40736,Mazandaran,-21.0,36.7,52.64,Babolsar,MASA,49.4238936842078
1996-08-01,40737,Mazandaran,14.7,36.49,52.11,Gharakhil,MASA,38.73434638977051
1996-08-01,40759,Mazandaran,23.0,36.54,53.0,Sari,MASA,37.88467311859131
1996-08-01,40760,Mazandaran,1294.3,36.25,53.55,Kiyasar,MASA,40.884300231933594
1996-08-01,40788,Mazandaran,16.7,36.64,53.2,Sari (Dasht-E-Naz Airport),MASA,30.009134650230408
1996-08-01,99299,Mazandaran,-10.0,36.74,53.84,Galugah,MASA,19.178854942321777
1996-08-01,99306,Mazandaran,-20.0,36.86,53.39,Bandar-E-Amirabad,MASA,29.82042851889064
1996-08-01,99309,Mazandaran,23.7,36.48,52.47,Amol,MASA,44.4273567199707
1996-08-01,99348,Mazandaran,1550.0,36.39,51.73,Kojur,MASA,33.87972450256348
1996-08-01,99357,Mazandaran,2120.0,36.2,51.8,Baladeh,MASA,33.96702432632446
1996-08-01,99360,Mazandaran,610.0,36.1,53.06,Polsefid,MASA,39.46798801422119
1996-08-01,99361,Mazandaran,1805.0,36.07,52.84,Alasht,MASA,45.16271913051605
1996-09-01,40732,Mazandaran,-20.0,36.9,50.68,Ramsar,MASA,30.49775791168213
1996-09-01,40734,Mazandaran,-20.9,36.66,51.47,Nowshahr,MASA,39.19571876525879
1996-09-01,40735,Mazandaran,1855.4,36.23,51.3,Siahbisheh,MASA,40.72830533981323
1996-09-01,40736,Mazandaran,-21.0,36.7,52.64,Babolsar,MASA,40.815946856347644
1996-09-01,40737,Mazandaran,14.7,36.49,52.11,Gharakhil,MASA,44.87644982337952
1996-09-01,40759,Mazandaran,23.0,36.54,53.0,Sari,MASA,31.777932167053223
1996-09-01,40760,Mazandaran,1294.3,36.25,53.55,Kiyasar,MASA,17.41092586517334
1996-09-01,40788,Mazandaran,16.7,36.64,53.2,Sari (Dasht-E-Naz Airport),MASA,28.514068126678467
1996-09-01,99299,Mazandaran,-10.0,36.74,53.84,Galugah,MASA,14.216251850128174
1996-09-01,99306,Mazandaran,-20.0,36.86,53.39,Bandar-E-Amirabad,MASA,21.404942880476142
1996-09-01,99309,Mazandaran,23.7,36.48,52.47,Amol,MASA,38.901501178741455
1996-09-01,99348,Mazandaran,1550.0,36.39,51.73,Kojur,MASA,38.56404638290405
1996-09-01,99357,Mazandaran,2120.0,36.2,51.8,Baladeh,MASA,42.70276117324829
1996-09-01,99360,Mazandaran,610.0,36.1,53.06,Polsefid,MASA,29.091987133026123
1996-09-01,99361,Mazandaran,1805.0,36.07,52.84,Alasht,MASA,31.459919929504395
1996-10-01,40732,Mazandaran,-20.0,36.9,50.68,Ramsar,MASA,67.76735758781433
1996-10-01,40734,Mazandaran,-20.9,36.66,51.47,Nowshahr,MASA,90.6218204498291
1996-10-01,40735,Mazandaran,1855.4,36.23,51.3,Siahbisheh,MASA,85.5024962425232
1996-10-01,40736,Mazandaran,-21.0,36.7,52.64,Babolsar,MASA,129.91838561131226
1996-10-01,40737,Mazandaran,14.7,36.49,52.11,Gharakhil,MASA,81.03534698486328
1996-10-01,40759,Mazandaran,23.0,36.54,53.0,Sari,MASA,76.88147306442261
1996-10-01,40760,Mazandaran,1294.3,36.25,53.55,Kiyasar,MASA,28.852938652038574
1996-10-01,40788,Mazandaran,16.7,36.64,53.2,Sari (Dasht-E-Naz Airport),MASA,77.22779858112335
1996-10-01,99299,Mazandaran,-10.0,36.74,53.84,Galugah,MASA,49.79569482803345
1996-10-01,99306,Mazandaran,-20.0,36.86,53.39,Bandar-E-Amirabad,MASA,78.70611446579068
1996-10-01,99309,Mazandaran,23.7,36.48,52.47,Amol,MASA,91.75435447692871
1996-10-01,99348,Mazandaran,1550.0,36.39,51.73,Kojur,MASA,82.96956491470337
1996-10-01,99357,Mazandaran,2120.0,36.2,51.8,Baladeh,MASA,68.55894041061401
1996-10-01,99360,Mazandaran,610.0,36.1,53.06,Polsefid,MASA,32.23257493972778
1996-10-01,99361,Mazandaran,1805.0,36.07,52.84,Alasht,MASA,43.37863874435425
1996-11-01,40732,Mazandaran,-20.0,36.9,50.68,Ramsar,MASA,43.99932336807251
1996-11-01,40734,Mazandaran,-20.9,36.66,51.47,Nowshahr,MASA,52.688180565834045
1996-11-01,40735,Mazandaran,1855.4,36.23,51.3,Siahbisheh,MASA,115.45620965957642
1996-11-01,40736,Mazandaran,-21.0,36.7,52.64,Babolsar,MASA,57.3133504600218
1996-11-01,40737,Mazandaran,14.7,36.49,52.11,Gharakhil,MASA,57.1230890750885
1996-11-01,40759,Mazandaran,23.0,36.54,53.0,Sari,MASA,61.44940710067749
1996-11-01,40760,Mazandaran,1294.3,36.25,53.55,Kiyasar,MASA,39.85466766357422
1996-11-01,40788,Mazandaran,16.7,36.64,53.2,Sari (Dasht-E-Naz Airport),MASA,51.650405168533325
1996-11-01,99299,Mazandaran,-10.0,36.74,53.84,Galugah,MASA,37.607844829559326
1996-11-01,99306,Mazandaran,-20.0,36.86,53.39,Bandar-E-Amirabad,MASA,47.08427850083809
1996-11-01,99309,Mazandaran,23.7,36.48,52.47,Amol,MASA,51.244882106781006
1996-11-01,99348,Mazandaran,1550.0,36.39,51.73,Kojur,MASA,91.51709187030792
1996-11-01,99357,Mazandaran,2120.0,36.2,51.8,Baladeh,MASA,111.55158811807632
1996-11-01,99360,Mazandaran,610.0,36.1,53.06,Polsefid,MASA,60.68626296520233
1996-11-01,99361,Mazandaran,1805.0,36.07,52.84,Alasht,MASA,78.50057661533356
1996-12-01,40732,Mazandaran,-20.0,36.9,50.68,Ramsar,MASA,95.14269733428955
1996-12-01,40734,Mazandaran,-20.9,36.66,51.47,Nowshahr,MASA,99.2888412475586
1996-12-01,40735,Mazandaran,1855.4,36.23,51.3,Siahbisheh,MASA,125.29169940948486
1996-12-01,40736,Mazandaran,-21.0,36.7,52.64,Babolsar,MASA,73.6597956666852
1996-12-01,40737,Mazandaran,14.7,36.49,52.11,Gharakhil,MASA,69.35394477844238
1996-12-01,40759,Mazandaran,23.0,36.54,53.0,Sari,MASA,57.99445056915283
1996-12-01,40760,Mazandaran,1294.3,36.25,53.55,Kiyasar,MASA,59.74338626861572
1996-12-01,40788,Mazandaran,16.7,36.64,53.2,Sari (Dasht-E-Naz Airport),MASA,47.851696491241455
1996-12-01,99299,Mazandaran,-10.0,36.74,53.84,Galugah,MASA,36.47021222114563
1996-12-01,99306,Mazandaran,-20.0,36.86,53.39,Bandar-E-Amirabad,MASA,40.530030848662975
1996-12-01,99309,Mazandaran,23.7,36.48,52.47,Amol,MASA,69.58944416046143
1996-12-01,99348,Mazandaran,1550.0,36.39,51.73,Kojur,MASA,104.03280258178711
1996-12-01,99357,Mazandaran,2120.0,36.2,51.8,Baladeh,MASA,121.40428256988525
1996-12-01,99360,Mazandaran,610.0,36.1,53.06,Polsefid,MASA,94.70429754257202
1996-12-01,99361,Mazandaran,1805.0,36.07,52.84,Alasht,MASA,101.64084911346436
1997-01-01,40732,Mazandaran,-20.0,36.9,50.68,Ramsar,MASA,62.796053886413574
1997-01-01,40734,Mazandaran,-20.9,36.66,51.47,Nowshahr,MASA,92.99088668823242
1997-01-01,40735,Mazandaran,1855.4,36.23,51.3,Siahbisheh,MASA,153.27400970458984
1997-01-01,40736,Mazandaran,-21.0,36.7,52.64,Babolsar,MASA,92.844121744137
1997-01-01,40737,Mazandaran,14.7,36.49,52.11,Gharakhil,MASA,104.31843566894531
1997-01-01,40759,Mazandaran,23.0,36.54,53.0,Sari,MASA,89.92223358154297
1997-01-01,40760,Mazandaran,1294.3,36.25,53.55,Kiyasar,MASA,131.38657760620117
1997-01-01,40788,Mazandaran,16.7,36.64,53.2,Sari (Dasht-E-Naz Airport),MASA,78.16963577270508
1997-01-01,99299,Mazandaran,-10.0,36.74,53.84,Galugah,MASA,78.19955253601074
1997-01-01,99306,Mazandaran,-20.0,36.86,53.39,Bandar-E-Amirabad,MASA,72.43515409348328
1997-01-01,99309,Mazandaran,23.7,36.48,52.47,Amol,MASA,96.01988625526428
1997-01-01,99348,Mazandaran,1550.0,36.39,51.73,Kojur,MASA,146.09905982017517
1997-01-01,99357,Mazandaran,2120.0,36.2,51.8,Baladeh,MASA,166.3343276977539
1997-01-01,99360,Mazandaran,610.0,36.1,53.06,Polsefid,MASA,87.52597045898438
1997-01-01,99361,Mazandaran,1805.0,36.07,52.84,Alasht,MASA,149.42317128181458
1997-02-01,40732,Mazandaran,-20.0,36.9,50.68,Ramsar,MASA,40.598169803619385
1997-02-01,40734,Mazandaran,-20.9,36.66,51.47,Nowshahr,MASA,34.58920240402222
1997-02-01,40735,Mazandaran,1855.4,36.23,51.3,Siahbisheh,MASA,65.6634292602539
1997-02-01,40736,Mazandaran,-21.0,36.7,52.64,Babolsar,MASA,27.29579974873231
1997-02-01,40737,Mazandaran,14.7,36.49,52.11,Gharakhil,MASA,41.66744327545166
1997-02-01,40759,Mazandaran,23.0,36.54,53.0,Sari,MASA,31.368244171142578
1997-02-01,40760,Mazandaran,1294.3,36.25,53.55,Kiyasar,MASA,49.03451728820801
1997-02-01,40788,Mazandaran,16.7,36.64,53.2,Sari (Dasht-E-Naz Airport),MASA,27.65916109085083
1997-02-01,99299,Mazandaran,-10.0,36.74,53.84,Galugah,MASA,31.651850700378418
1997-02-01,99306,Mazandaran,-20.0,36.86,53.39,Bandar-E-Amirabad,MASA,26.15273249493858
1997-02-01,99309,Mazandaran,23.7,36.48,52.47,Amol,MASA,36.557414531707764
1997-02-01,99348,Mazandaran,1550.0,36.39,51.73,Kojur,MASA,59.52846097946167
1997-02-01,99357,Mazandaran,2120.0,36.2,51.8,Baladeh,MASA,71.48558807373047
1997-02-01,99360,Mazandaran,610.0,36.1,53.06,Polsefid,MASA,57.10540699958801
1997-02-01,99361,Mazandaran,1805.0,36.07,52.84,Alasht,MASA,77.18473362922668
1997-03-01,40732,Mazandaran,-20.0,36.9,50.68,Ramsar,MASA,52.724303245544434
1997-03-01,40734,Mazandaran,-20.9,36.66,51.47,Nowshahr,MASA,42.76033639907837
1997-03-01,40735,Mazandaran,1855.4,36.23,51.3,Siahbisheh,MASA,225.60437965393066
1997-03-01,40736,Mazandaran,-21.0,36.7,52.64,Babolsar,MASA,32.48480611390407
1997-03-01,40737,Mazandaran,14.7,36.49,52.11,Gharakhil,MASA,46.73251247406006
1997-03-01,40759,Mazandaran,23.0,36.54,53.0,Sari,MASA,24.446548461914062
1997-03-01,40760,Mazandaran,1294.3,36.25,53.55,Kiyasar,MASA,30.32978630065918
1997-03-01,40788,Mazandaran,16.7,36.64,53.2,Sari (Dasht-E-Naz Airport),MASA,23.124034881591797
1997-03-01,99299,Mazandaran,-10.0,36.74,53.84,Galugah,MASA,29.57081699371338
1997-03-01,99306,Mazandaran,-20.0,36.86,53.39,Bandar-E-Amirabad,MASA,26.855189935320375
1997-03-01,99309,Mazandaran,23.7,36.48,52.47,Amol,MASA,44.03649139404297
1997-03-01,99348,Mazandaran,1550.0,36.39,51.73,Kojur,MASA,82.55177187919617
1997-03-01,99357,Mazandaran,2120.0,36.2,51.8,Baladeh,MASA,163.71804130077362
1997-03-01,99360,Mazandaran,610.0,36.1,53.06,Polsefid,MASA,67.45562744140625
1997-03-01,99361,Mazandaran,1805.0,36.07,52.84,Alasht,MASA,77.71115624904633
1997-04-01,40732,Mazandaran,-20.0,36.9,50.68,Ramsar,MASA,18.054348945617676
1997-04-01,40734,Mazandaran,-20.9,36.66,51.47,Nowshahr,MASA,37.12601661682129
1997-04-01,40735,Mazandaran,1855.4,36.23,51.3,Siahbisheh,MASA,168.19598388671875
1997-04-01,40736,Mazandaran,-21.0,36.7,52.64,Babolsar,MASA,10.94787914682143
1997-04-01,40737,Mazandaran,14.7,36.49,52.11,Gharakhil,MASA,23.626949310302734
1997-04-01,40759,Mazandaran,23.0,36.54,53.0,Sari,MASA,19.33098030090332
1997-04-01,40760,Mazandaran,1294.3,36.25,53.55,Kiyasar,MASA,13.644933700561523
1997-04-01,40788,Mazandaran,16.7,36.64,53.2,Sari (Dasht-E-Naz Airport),MASA,16.423107147216797
1997-04-01,99299,Mazandaran,-10.0,36.74,53.84,Galugah,MASA,7.15735650062561
1997-04-01,99306,Mazandaran,-20.0,36.86,53.39,Bandar-E-Amirabad,MASA,10.232541373699386
1997-04-01,99309,Mazandaran,23.7,36.48,52.47,Amol,MASA,15.776802062988281
1997-04-01,99348,Mazandaran,1550.0,36.39,51.73,Kojur,MASA,66.1893539428711
1997-04-01,99357,Mazandaran,2120.0,36.2,51.8,Baladeh,MASA,148.15988159179688
1997-04-01,99360,Mazandaran,610.0,36.1,53.06,Polsefid,MASA,22.997224807739258
1997-04-01,99361,Mazandaran,1805.0,36.07,52.84,Alasht,MASA,27.474140167236328
1997-05-01,40732,Mazandaran,-20.0,36.9,50.68,Ramsar,MASA,24.6209237575531
1997-05-01,40734,Mazandaran,-20.9,36.66,51.47,Nowshahr,MASA,21.077819347381592
1997-05-01,40735,Mazandaran,1855.4,36.23,51.3,Siahbisheh,MASA,44.011903285980225
1997-05-01,40736,Mazandaran,-21.0,36.7,52.64,Babolsar,MASA,19.935010959606362
1997-05-01,40737,Mazandaran,14.7,36.49,52.11,Gharakhil,MASA,22.329208374023438
1997-05-01,40759,Mazandaran,23.0,36.54,53.0,Sari,MASA,26.03201913833618
1997-05-01,40760,Mazandaran,1294.3,36.25,53.55,Kiyasar,MASA,20.236435174942017
1997-05-01,40788,Mazandaran,16.7,36.64,53.2,Sari (Dasht-E-Naz Airport),MASA,21.372538089752197
1997-05-01,99299,Mazandaran,-10.0,36.74,53.84,Galugah,MASA,15.48874568939209
1997-05-01,99306,Mazandaran,-20.0,36.86,53.39,Bandar-E-Amirabad,MASA,17.73443626117155
1997-05-01,99309,Mazandaran,23.7,36.48,52.47,Amol,MASA,23.191657543182373
1997-05-01,99348,Mazandaran,1550.0,36.39,51.73,Kojur,MASA,26.385939598083496
1997-05-01,99357,Mazandaran,2120.0,36.2,51.8,Baladeh,MASA,35.42206048965454
1997-05-01,99360,Mazandaran,610.0,36.1,53.06,Polsefid,MASA,24.793408393859863
1997-05-01,99361,Mazandaran,1805.0,36.07,52.84,Alasht,MASA,27.74323081970215
1997-06-01,40732,Mazandaran,-20.0,36.9,50.68,Ramsar,MASA,42.85028076171875
1997-06-01,40734,Mazandaran,-20.9,36.66,51.47,Nowshahr,MASA,22.218745231628418
1997-06-01,40735,Mazandaran,1855.4,36.23,51.3,Siahbisheh,MASA,37.58787441253662
1997-06-01,40736,Mazandaran,-21.0,36.7,52.64,Babolsar,MASA,20.898316141992517
1997-06-01,40737,Mazandaran,14.7,36.49,52.11,Gharakhil,MASA,18.198829174041748
1997-06-01,40759,Mazandaran,23.0,36.54,53.0,Sari,MASA,19.81531000137329
1997-06-01,40760,Mazandaran,1294.3,36.25,53.55,Kiyasar,MASA,12.749318957328796
1997-06-01,40788,Mazandaran,16.7,36.64,53.2,Sari (Dasht-E-Naz Airport),MASA,9.951622009277344
1997-06-01,99299,Mazandaran,-10.0,36.74,53.84,Galugah,MASA,8.290740966796875
1997-06-01,99306,Mazandaran,-20.0,36.86,53.39,Bandar-E-Amirabad,MASA,7.724238361237366
1997-06-01,99309,Mazandaran,23.7,36.48,52.47,Amol,MASA,23.941611766815186
1997-06-01,99348,Mazandaran,1550.0,36.39,51.73,Kojur,MASA,38.1624870300293
1997-06-01,99357,Mazandaran,2120.0,36.2,51.8,Baladeh,MASA,36.37670946121216
1997-06-01,99360,Mazandaran,610.0,36.1,53.06,Polsefid,MASA,17.280209064483643
1997-06-01,99361,Mazandaran,1805.0,36.07,52.84,Alasht,MASA,20.21220064163208
1997-07-01,40732,Mazandaran,-20.0,36.9,50.68,Ramsar,MASA,29.441264152526855
1997-07-01,40734,Mazandaran,-20.9,36.66,51.47,Nowshahr,MASA,9.85359501838684
1997-07-01,40735,Mazandaran,1855.4,36.23,51.3,Siahbisheh,MASA,14.651745080947876
1997-07-01,40736,Mazandaran,-21.0,36.7,52.64,Babolsar,MASA,15.373240538162761
1997-07-01,40737,Mazandaran,14.7,36.49,52.11,Gharakhil,MASA,16.445600509643555
1997-07-01,40759,Mazandaran,23.0,36.54,53.0,Sari,MASA,15.227455615997314
1997-07-01,40760,Mazandaran,1294.3,36.25,53.55,Kiyasar,MASA,13.463855743408203
1997-07-01,40788,Mazandaran,16.7,36.64,53.2,Sari (Dasht-E-Naz Airport),MASA,16.392654418945312
1997-07-01,99299,Mazandaran,-10.0,36.74,53.84,Galugah,MASA,11.039464950561523
1997-07-01,99306,Mazandaran,-20.0,36.86,53.39,Bandar-E-Amirabad,MASA,14.166767761197393
1997-07-01,99309,Mazandaran,23.7,36.48,52.47,Amol,MASA,12.46943187713623
1997-07-01,99348,Mazandaran,1550.0,36.39,51.73,Kojur,MASA,10.603641510009766
1997-07-01,99357,Mazandaran,2120.0,36.2,51.8,Baladeh,MASA,16.493078231811523
1997-07-01,99360,Mazandaran,610.0,36.1,53.06,Polsefid,MASA,21.101810455322266
1997-07-01,99361,Mazandaran,1805.0,36.07,52.84,Alasht,MASA,21.973429203033447
1997-08-01,40732,Mazandaran,-20.0,36.9,50.68,Ramsar,MASA,66.14451217651367
1997-08-01,40734,Mazandaran,-20.9,36.66,51.47,Nowshahr,MASA,26.498403072357178
1997-08-01,40735,Mazandaran,1855.4,36.23,51.3,Siahbisheh,MASA,19.421218395233154
1997-08-01,40736,Mazandaran,-21.0,36.7,52.64,Babolsar,MASA,49.12612903354192
1997-08-01,40737,Mazandaran,14.7,36.49,52.11,Gharakhil,MASA,38.49180221557617
1997-08-01,40759,Mazandaran,23.0,36.54,53.0,Sari,MASA,37.90657711029053
1997-08-01,40760,Mazandaran,1294.3,36.25,53.55,Kiyasar,MASA,40.829153060913086
1997-08-01,40788,Mazandaran,16.7,36.64,53.2,Sari (Dasht-E-Naz Airport),MASA,30.02870512008667
1997-08-01,99299,Mazandaran,-10.0,36.74,53.84,Galugah,MASA,18.98439311981201
1997-08-01,99306,Mazandaran,-20.0,36.86,53.39,Bandar-E-Amirabad,MASA,29.78224007931748
1997-08-01,99309,Mazandaran,23.7,36.48,52.47,Amol,MASA,44.80285358428955
1997-08-01,99348,Mazandaran,1550.0,36.39,51.73,Kojur,MASA,35.460540771484375
1997-08-01,99357,Mazandaran,2120.0,36.2,51.8,Baladeh,MASA,35.837825775146484
1997-08-01,99360,Mazandaran,610.0,36.1,53.06,Polsefid,MASA,39.723565101623535
1997-08-01,99361,Mazandaran,1805.0,36.07,52.84,Alasht,MASA,46.211527824401855
1997-09-01,40732,Mazandaran,-20.0,36.9,50.68,Ramsar,MASA,30.615024089813232
1997-09-01,40734,Mazandaran,-20.9,36.66,51.47,Nowshahr,MASA,38.732529163360596
1997-09-01,40735,Mazandaran,1855.4,36.23,51.3,Siahbisheh,MASA,40.49809217453003
1997-09-01,40736,Mazandaran,-21.0,36.7,52.64,Babolsar,MASA,38.832591022595324
1997-09-01,40737,Mazandaran,14.7,36.49,52.11,Gharakhil,MASA,43.04980421066284
1997-09-01,40759,Mazandaran,23.0,36.54,53.0,Sari,MASA,30.084356784820557
1997-09-01,40760,Mazandaran,1294.3,36.25,53.55,Kiyasar,MASA,16.66056990623474
1997-09-01,40788,Mazandaran,16.7,36.64,53.2,Sari (Dasht-E-Naz Airport),MASA,26.662693977355957
1997-09-01,99299,Mazandaran,-10.0,36.74,53.84,Galugah,MASA,12.711403131484985
1997-09-01,99306,Mazandaran,-20.0,36.86,53.39,Bandar-E-Amirabad,MASA,19.37175114168597
1997-09-01,99309,Mazandaran,23.7,36.48,52.47,Amol,MASA,37.13190484046936
1997-09-01,99348,Mazandaran,1550.0,36.39,51.73,Kojur,MASA,37.428147315979004
1997-09-01,99357,Mazandaran,2120.0,36.2,51.8,Baladeh,MASA,41.83991861343384
1997-09-01,99360,Mazandaran,610.0,36.1,53.06,Polsefid,MASA,28.162254810333252
1997-09-01,99361,Mazandaran,1805.0,36.07,52.84,Alasht,MASA,30.549609184265137
1997-10-01,40732,Mazandaran,-20.0,36.9,50.68,Ramsar,MASA,68.57720112800598
1997-10-01,40734,Mazandaran,-20.9,36.66,51.47,Nowshahr,MASA,101.60573649406433
1997-10-01,40735,Mazandaran,1855.4,36.23,51.3,Siahbisheh,MASA,86.17576396465302
1997-10-01,40736,Mazandaran,-21.0,36.7,52.64,Babolsar,MASA,123.76093186482345
1997-10-01,40737,Mazandaran,14.7,36.49,52.11,Gharakhil,MASA,89.28040075302124
1997-10-01,40759,Mazandaran,23.0,36.54,53.0,Sari,MASA,72.86105012893677
1997-10-01,40760,Mazandaran,1294.3,36.25,53.55,Kiyasar,MASA,26.70917057991028
1997-10-01,40788,Mazandaran,16.7,36.64,53.2,Sari (Dasht-E-Naz Airport),MASA,72.15562534332275
1997-10-01,99299,Mazandaran,-10.0,36.74,53.84,Galugah,MASA,43.97176742553711
1997-10-01,99306,Mazandaran,-20.0,36.86,53.39,Bandar-E-Amirabad,MASA,70.92332089222924
1997-10-01,99309,Mazandaran,23.7,36.48,52.47,Amol,MASA,93.16402232646942
1997-10-01,99348,Mazandaran,1550.0,36.39,51.73,Kojur,MASA,90.52092909812927
1997-10-01,99357,Mazandaran,2120.0,36.2,51.8,Baladeh,MASA,71.90664851665497
1997-10-01,99360,Mazandaran,610.0,36.1,53.06,Polsefid,MASA,29.536033630371094
1997-10-01,99361,Mazandaran,1805.0,36.07,52.84,Alasht,MASA,41.97041392326355
1997-11-01,40732,Mazandaran,-20.0,36.9,50.68,Ramsar,MASA,99.78204536437988
1997-11-01,40734,Mazandaran,-20.9,36.66,51.47,Nowshahr,MASA,140.16670989990234
1997-11-01,40735,Mazandaran,1855.4,36.23,51.3,Siahbisheh,MASA,214.3965637087822
1997-11-01,40736,Mazandaran,-21.0,36.7,52.64,Babolsar,MASA,100.32366218395752
1997-11-01,40737,Mazandaran,14.7,36.49,52.11,Gharakhil,MASA,106.05224847793579
1997-11-01,40759,Mazandaran,23.0,36.54,53.0,Sari,MASA,114.72163391113281
1997-11-01,40760,Mazandaran,1294.3,36.25,53.55,Kiyasar,MASA,76.88401341438293
1997-11-01,40788,Mazandaran,16.7,36.64,53.2,Sari (Dasht-E-Naz Airport),MASA,95.56802368164062
1997-11-01,99299,Mazandaran,-10.0,36.74,53.84,Galugah,MASA,66.19684600830078
1997-11-01,99306,Mazandaran,-20.0,36.86,53.39,Bandar-E-Amirabad,MASA,75.3482210326057
1997-11-01,99309,Mazandaran,23.7,36.48,52.47,Amol,MASA,91.33679687976837
1997-11-01,99348,Mazandaran,1550.0,36.39,51.73,Kojur,MASA,194.99020490050316
1997-11-01,99357,Mazandaran,2120.0,36.2,51.8,Baladeh,MASA,239.61053281277418
1997-11-01,99360,Mazandaran,610.0,36.1,53.06,Polsefid,MASA,152.67019271850586
1997-11-01,99361,Mazandaran,1805.0,36.07,52.84,Alasht,MASA,201.39958953857422
1997-12-01,40732,Mazandaran,-20.0,36.9,50.68,Ramsar,MASA,132.03238487243652
1997-12-01,40734,Mazandaran,-20.9,36.66,51.47,Nowshahr,MASA,93.83726119995117
1997-12-01,40735,Mazandaran,1855.4,36.23,51.3,Siahbisheh,MASA,211.25817757844925
1997-12-01,40736,Mazandaran,-21.0,36.7,52.64,Babolsar,MASA,80.31504431219385
1997-12-01,40737,Mazandaran,14.7,36.49,52.11,Gharakhil,MASA,108.73653411865234
1997-12-01,40759,Mazandaran,23.0,36.54,53.0,Sari,MASA,74.12850713729858
1997-12-01,40760,Mazandaran,1294.3,36.25,53.55,Kiyasar,MASA,85.22999310493469
1997-12-01,40788,Mazandaran,16.7,36.64,53.2,Sari (Dasht-E-Naz Airport),MASA,55.79473829269409
1997-12-01,99299,Mazandaran,-10.0,36.74,53.84,Galugah,MASA,40.09391689300537
1997-12-01,99306,Mazandaran,-20.0,36.86,53.39,Bandar-E-Amirabad,MASA,41.189951094588785
1997-12-01,99309,Mazandaran,23.7,36.48,52.47,Amol,MASA,83.06511986255646
1997-12-01,99348,Mazandaran,1550.0,36.39,51.73,Kojur,MASA,150.26179480552673
1997-12-01,99357,Mazandaran,2120.0,36.2,51.8,Baladeh,MASA,217.36287686228752
1997-12-01,99360,Mazandaran,610.0,36.1,53.06,Polsefid,MASA,126.02189046144485
1997-12-01,99361,Mazandaran,1805.0,36.07,52.84,Alasht,MASA,156.13631650805473
1998-01-01,40732,Mazandaran,-20.0,36.9,50.68,Ramsar,MASA,63.74687671661377
1998-01-01,40734,Mazandaran,-20.9,36.66,51.47,Nowshahr,MASA,115.34000587463379
1998-01-01,40735,Mazandaran,1855.4,36.23,51.3,Siahbisheh,MASA,162.13350677490234
1998-01-01,40736,Mazandaran,-21.0,36.7,52.64,Babolsar,MASA,97.35603860404233
1998-01-01,40737,Mazandaran,14.7,36.49,52.11,Gharakhil,MASA,103.54469633102417
1998-01-01,40759,Mazandaran,23.0,36.54,53.0,Sari,MASA,88.33572387695312
1998-01-01,40760,Mazandaran,1294.3,36.25,53.55,Kiyasar,MASA,117.23110818862915
1998-01-01,40788,Mazandaran,16.7,36.64,53.2,Sari (Dasht-E-Naz Airport),MASA,76.50005340576172
1998-01-01,99299,Mazandaran,-10.0,36.74,53.84,Galugah,MASA,59.30117416381836
1998-01-01,99306,Mazandaran,-20.0,36.86,53.39,Bandar-E-Amirabad,MASA,62.55989145267906
1998-01-01,99309,Mazandaran,23.7,36.48,52.47,Amol,MASA,104.27788543701172
1998-01-01,99348,Mazandaran,1550.0,36.39,51.73,Kojur,MASA,169.6166534423828
1998-01-01,99357,Mazandaran,2120.0,36.2,51.8,Baladeh,MASA,177.552716255188
1998-01-01,99360,Mazandaran,610.0,36.1,53.06,Polsefid,MASA,89.0056381225586
1998-01-01,99361,Mazandaran,1805.0,36.07,52.84,Alasht,MASA,157.48467755317688
1998-02-01,40732,Mazandaran,-20.0,36.9,50.68,Ramsar,MASA,62.79843616485596
1998-02-01,40734,Mazandaran,-20.9,36.66,51.47,Nowshahr,MASA,58.03304672241211
1998-02-01,40735,Mazandaran,1855.4,36.23,51.3,Siahbisheh,MASA,100.62775802612305
1998-02-01,40736,Mazandaran,-21.0,36.7,52.64,Babolsar,MASA,44.36684636550375
1998-02-01,40737,Mazandaran,14.7,36.49,52.11,Gharakhil,MASA,71.47268676757812
1998-02-01,40759,Mazandaran,23.0,36.54,53.0,Sari,MASA,38.159583568573
1998-02-01,40760,Mazandaran,1294.3,36.25,53.55,Kiyasar,MASA,65.63576650619507
1998-02-01,40788,Mazandaran,16.7,36.64,53.2,Sari (Dasht-E-Naz Airport),MASA,33.34624195098877
1998-02-01,99299,Mazandaran,-10.0,36.74,53.84,Galugah,MASA,37.786221504211426
1998-02-01,99306,Mazandaran,-20.0,36.86,53.39,Bandar-E-Amirabad,MASA,31.440413927067222
1998-02-01,99309,Mazandaran,23.7,36.48,52.47,Amol,MASA,61.30690002441406
1998-02-01,99348,Mazandaran,1550.0,36.39,51.73,Kojur,MASA,99.21424865722656
1998-02-01,99357,Mazandaran,2120.0,36.2,51.8,Baladeh,MASA,109.237384557724
1998-02-01,99360,Mazandaran,610.0,36.1,53.06,Polsefid,MASA,95.72368621826172
1998-02-01,99361,Mazandaran,1805.0,36.07,52.84,Alasht,MASA,116.68641924858093
1998-03-01,40732,Mazandaran,-20.0,36.9,50.68,Ramsar,MASA,44.363924503326416
1998-03-01,40734,Mazandaran,-20.9,36.66,51.47,Nowshahr,MASA,44.554707050323486
1998-03-01,40735,Mazandaran,1855.4,36.23,51.3,Siahbisheh,MASA,170.65805435180664
1998-03-01,40736,Mazandaran,-21.0,36.7,52.64,Babolsar,MASA,49.155517045814214
1998-03-01,40737,Mazandaran,14.7,36.49,52.11,Gharakhil,MASA,55.64187431335449
1998-03-01,40759,Mazandaran,23.0,36.54,53.0,Sari,MASA,53.51677417755127
1998-03-01,40760,Mazandaran,1294.3,36.25,53.55,Kiyasar,MASA,35.30030679702759
1998-03-01,40788,Mazandaran,16.7,36.64,53.2,Sari (Dasht-E-Naz Airport),MASA,48.532310009002686
1998-03-01,99299,Mazandaran,-10.0,36.74,53.84,Galugah,MASA,27.728582859039307
1998-03-01,99306,Mazandaran,-20.0,36.86,53.39,Bandar-E-Amirabad,MASA,39.67168505205584
1998-03-01,99309,Mazandaran,23.7,36.48,52.47,Amol,MASA,57.427626609802246
1998-03-01,99348,Mazandaran,1550.0,36.39,51.73,Kojur,MASA,74.95736694335938
1998-03-01,99357,Mazandaran,2120.0,36.2,51.8,Baladeh,MASA,141.75484561920166
1998-03-01,99360,Mazandaran,610.0,36.1,53.06,Polsefid,MASA,75.03590202331543
1998-03-01,99361,Mazandaran,1805.0,36.07,52.84,Alasht,MASA,108.33392238616943
1998-04-01,40732,Mazandaran,-20.0,36.9,50.68,Ramsar,MASA,21.014326095581055
1998-04-01,40734,Mazandaran,-20.9,36.66,51.47,Nowshahr,MASA,37.17668151855469
1998-04-01,40735,Mazandaran,1855.4,36.23,51.3,Siahbisheh,MASA,183.89456343650818
1998-04-01,40736,Mazandaran,-21.0,36.7,52.64,Babolsar,MASA,14.59348523498762
1998-04-01,40737,Mazandaran,14.7,36.49,52.11,Gharakhil,MASA,35.99512481689453
1998-04-01,40759,Mazandaran,23.0,36.54,53.0,Sari,MASA,22.74311876296997
1998-04-01,40760,Mazandaran,1294.3,36.25,53.55,Kiyasar,MASA,16.299673080444336
1998-04-01,40788,Mazandaran,16.7,36.64,53.2,Sari (Dasht-E-Naz Airport),MASA,19.488744258880615
1998-04-01,99299,Mazandaran,-10.0,36.74,53.84,Galugah,MASA,10.040700912475586
1998-04-01,99306,Mazandaran,-20.0,36.86,53.39,Bandar-E-Amirabad,MASA,14.942279829455247
1998-04-01,99309,Mazandaran,23.7,36.48,52.47,Amol,MASA,20.69205665588379
1998-04-01,99348,Mazandaran,1550.0,36.39,51.73,Kojur,MASA,66.53875756263733
1998-04-01,99357,Mazandaran,2120.0,36.2,51.8,Baladeh,MASA,164.68430709838867
1998-04-01,99360,Mazandaran,610.0,36.1,53.06,Polsefid,MASA,26.857370376586914
1998-04-01,99361,Mazandaran,1805.0,36.07,52.84,Alasht,MASA,30.3560791015625
1998-05-01,40732,Mazandaran,-20.0,36.9,50.68,Ramsar,MASA,24.57964324951172
1998-05-01,40734,Mazandaran,-20.9,36.66,51.47,Nowshahr,MASA,15.749732494354248
1998-05-01,40735,Mazandaran,1855.4,36.23,51.3,Siahbisheh,MASA,31.4196195602417
1998-05-01,40736,Mazandaran,-21.0,36.7,52.64,Babolsar,MASA,11.376837827191496
1998-05-01,40737,Mazandaran,14.7,36.49,52.11,Gharakhil,MASA,14.649987697601318
1998-05-01,40759,Mazandaran,23.0,36.54,53.0,Sari,MASA,14.019243240356445
1998-05-01,40760,Mazandaran,1294.3,36.25,53.55,Kiyasar,MASA,14.055429458618164
1998-05-01,40788,Mazandaran,16.7,36.64,53.2,Sari (Dasht-E-Naz Airport),MASA,11.166110515594482
1998-05-01,99299,Mazandaran,-10.0,36.74,53.84,Galugah,MASA,7.811001300811768
1998-05-01,99306,Mazandaran,-20.0,36.86,53.39,Bandar-E-Amirabad,MASA,9.064930455533066
1998-05-01,99309,Mazandaran,23.7,36.48,52.47,Amol,MASA,13.638307809829712
1998-05-01,99348,Mazandaran,1550.0,36.39,51.73,Kojur,MASA,19.137762546539307
1998-05-01,99357,Mazandaran,2120.0,36.2,51.8,Baladeh,MASA,24.26996660232544
1998-05-01,99360,Mazandaran,610.0,36.1,53.06,Polsefid,MASA,14.204200983047485
1998-05-01,99361,Mazandaran,1805.0,36.07,52.84,Alasht,MASA,16.11478853225708
1998-06-01,40732,Mazandaran,-20.0,36.9,50.68,Ramsar,MASA,34.189029932022095
1998-06-01,40734,Mazandaran,-20.9,36.66,51.47,Nowshahr,MASA,18.729487895965576
1998-06-01,40735,Mazandaran,1855.4,36.23,51.3,Siahbisheh,MASA,30.57566499710083
1998-06-01,40736,Mazandaran,-21.0,36.7,52.64,Babolsar,MASA,20.914705654182058
1998-06-01,40737,Mazandaran,14.7,36.49,52.11,Gharakhil,MASA,17.21155881881714
1998-06-01,40759,Mazandaran,23.0,36.54,53.0,Sari,MASA,20.49989604949951
1998-06-01,40760,Mazandaran,1294.3,36.25,53.55,Kiyasar,MASA,13.042032480239868
1998-06-01,40788,Mazandaran,16.7,36.64,53.2,Sari (Dasht-E-Naz Airport),MASA,10.12490701675415
1998-06-01,99299,Mazandaran,-10.0,36.74,53.84,Galugah,MASA,7.654570579528809
1998-06-01,99306,Mazandaran,-20.0,36.86,53.39,Bandar-E-Amirabad,MASA,7.723789323961115
1998-06-01,99309,Mazandaran,23.7,36.48,52.47,Amol,MASA,22.725570678710938
1998-06-01,99348,Mazandaran,1550.0,36.39,51.73,Kojur,MASA,33.30280637741089
1998-06-01,99357,Mazandaran,2120.0,36.2,51.8,Baladeh,MASA,30.226330757141113
1998-06-01,99360,Mazandaran,610.0,36.1,53.06,Polsefid,MASA,17.506735801696777
1998-06-01,99361,Mazandaran,1805.0,36.07,52.84,Alasht,MASA,19.263500690460205
1998-07-01,40732,Mazandaran,-20.0,36.9,50.68,Ramsar,MASA,29.42275094985962
1998-07-01,40734,Mazandaran,-20.9,36.66,51.47,Nowshahr,MASA,19.274028778076172
1998-07-01,40735,Mazandaran,1855.4,36.23,51.3,Siahbisheh,MASA,14.651739835739136
1998-07-01,40736,Mazandaran,-21.0,36.7,52.64,Babolsar,MASA,14.89451185134378
1998-07-01,40737,Mazandaran,14.7,36.49,52.11,Gharakhil,MASA,15.8424973487854
1998-07-01,40759,Mazandaran,23.0,36.54,53.0,Sari,MASA,14.429328203201294
1998-07-01,40760,Mazandaran,1294.3,36.25,53.55,Kiyasar,MASA,12.41056489944458
1998-07-01,40788,Mazandaran,16.7,36.64,53.2,Sari (Dasht-E-Naz Airport),MASA,15.23415470123291
1998-07-01,99299,Mazandaran,-10.0,36.74,53.84,Galugah,MASA,10.066534519195557
1998-07-01,99306,Mazandaran,-20.0,36.86,53.39,Bandar-E-Amirabad,MASA,13.096431958193033
1998-07-01,99309,Mazandaran,23.7,36.48,52.47,Amol,MASA,12.030372619628906
1998-07-01,99348,Mazandaran,1550.0,36.39,51.73,Kojur,MASA,10.474473476409912
1998-07-01,99357,Mazandaran,2120.0,36.2,51.8,Baladeh,MASA,16.44959020614624
1998-07-01,99360,Mazandaran,610.0,36.1,53.06,Polsefid,MASA,20.207716941833496
1998-07-01,99361,Mazandaran,1805.0,36.07,52.84,Alasht,MASA,21.358635902404785
1998-08-01,40732,Mazandaran,-20.0,36.9,50.68,Ramsar,MASA,67.44161415100098
1998-08-01,40734,Mazandaran,-20.9,36.66,51.47,Nowshahr,MASA,27.688607215881348
1998-08-01,40735,Mazandaran,1855.4,36.23,51.3,Siahbisheh,MASA,18.476696491241455
1998-08-01,40736,Mazandaran,-21.0,36.7,52.64,Babolsar,MASA,49.52386915034587
1998-08-01,40737,Mazandaran,14.7,36.49,52.11,Gharakhil,MASA,38.86061954498291
1998-08-01,40759,Mazandaran,23.0,36.54,53.0,Sari,MASA,37.922714948654175
1998-08-01,40760,Mazandaran,1294.3,36.25,53.55,Kiyasar,MASA,40.896170139312744
1998-08-01,40788,Mazandaran,16.7,36.64,53.2,Sari (Dasht-E-Naz Airport),MASA,30.042356967926025
1998-08-01,99299,Mazandaran,-10.0,36.74,53.84,Galugah,MASA,19.162400245666504
1998-08-01,99306,Mazandaran,-20.0,36.86,53.39,Bandar-E-Amirabad,MASA,29.823579586999266
1998-08-01,99309,Mazandaran,23.7,36.48,52.47,Amol,MASA,44.46647334098816
1998-08-01,99348,Mazandaran,1550.0,36.39,51.73,Kojur,MASA,33.868056774139404
1998-08-01,99357,Mazandaran,2120.0,36.2,51.8,Baladeh,MASA,33.953208923339844
1998-08-01,99360,Mazandaran,610.0,36.1,53.06,Polsefid,MASA,39.45767259597778
1998-08-01,99361,Mazandaran,1805.0,36.07,52.84,Alasht,MASA,45.15410399436951
1998-09-01,40732,Mazandaran,-20.0,36.9,50.68,Ramsar,MASA,41.296630859375
1998-09-01,40734,Mazandaran,-20.9,36.66,51.47,Nowshahr,MASA,37.01382279396057
1998-09-01,40735,Mazandaran,1855.4,36.23,51.3,Siahbisheh,MASA,60.83232879638672
1998-09-01,40736,Mazandaran,-21.0,36.7,52.64,Babolsar,MASA,51.66380723632209
1998-09-01,40737,Mazandaran,14.7,36.49,52.11,Gharakhil,MASA,41.659244537353516
1998-09-01,40759,Mazandaran,23.0,36.54,53.0,Sari,MASA,40.11527633666992
1998-09-01,40760,Mazandaran,1294.3,36.25,53.55,Kiyasar,MASA,26.112377166748047
1998-09-01,40788,Mazandaran,16.7,36.64,53.2,Sari (Dasht-E-Naz Airport),MASA,37.31783676147461
1998-09-01,99299,Mazandaran,-10.0,36.74,53.84,Galugah,MASA,19.0947265625
1998-09-01,99306,Mazandaran,-20.0,36.86,53.39,Bandar-E-Amirabad,MASA,28.452289002479155
1998-09-01,99309,Mazandaran,23.7,36.48,52.47,Amol,MASA,53.47230529785156
1998-09-01,99348,Mazandaran,1550.0,36.39,51.73,Kojur,MASA,36.95693874359131
1998-09-01,99357,Mazandaran,2120.0,36.2,51.8,Baladeh,MASA,63.32283401489258
1998-09-01,99360,Mazandaran,610.0,36.1,53.06,Polsefid,MASA,43.55320739746094
1998-09-01,99361,Mazandaran,1805.0,36.07,52.84,Alasht,MASA,47.28691101074219
1998-10-01,40732,Mazandaran,-20.0,36.9,50.68,Ramsar,MASA,38.734063148498535
1998-10-01,40734,Mazandaran,-20.9,36.66,51.47,Nowshahr,MASA,72.5421142578125
1998-10-01,40735,Mazandaran,1855.4,36.23,51.3,Siahbisheh,MASA,66.87787652015686
1998-10-01,40736,Mazandaran,-21.0,36.7,52.64,Babolsar,MASA,81.52609748090848
1998-10-01,40737,Mazandaran,14.7,36.49,52.11,Gharakhil,MASA,62.62727928161621
1998-10-01,40759,Mazandaran,23.0,36.54,53.0,Sari,MASA,47.487669229507446
1998-10-01,40760,Mazandaran,1294.3,36.25,53.55,Kiyasar,MASA,17.522677898406982
1998-10-01,40788,Mazandaran,16.7,36.64,53.2,Sari (Dasht-E-Naz Airport),MASA,46.42779576778412
1998-10-01,99299,Mazandaran,-10.0,36.74,53.84,Galugah,MASA,28.23150897026062
1998-10-01,99306,Mazandaran,-20.0,36.86,53.39,Bandar-E-Amirabad,MASA,46.12520361635726
1998-10-01,99309,Mazandaran,23.7,36.48,52.47,Amol,MASA,61.38535213470459
1998-10-01,99348,Mazandaran,1550.0,36.39,51.73,Kojur,MASA,61.79493021965027
1998-10-01,99357,Mazandaran,2120.0,36.2,51.8,Baladeh,MASA,51.045204401016235
1998-10-01,99360,Mazandaran,610.0,36.1,53.06,Polsefid,MASA,20.509474754333496
1998-10-01,99361,Mazandaran,1805.0,36.07,52.84,Alasht,MASA,29.353066444396973
1998-11-01,40732,Mazandaran,-20.0,36.9,50.68,Ramsar,MASA,66.22120761871338
1998-11-01,40734,Mazandaran,-20.9,36.66,51.47,Nowshahr,MASA,76.48065185546875
1998-11-01,40735,Mazandaran,1855.4,36.23,51.3,Siahbisheh,MASA,88.63136291503906
1998-11-01,40736,Mazandaran,-21.0,36.7,52.64,Babolsar,MASA,93.00095977169453
1998-11-01,40737,Mazandaran,14.7,36.49,52.11,Gharakhil,MASA,84.50467681884766
1998-11-01,40759,Mazandaran,23.0,36.54,53.0,Sari,MASA,82.99604797363281
1998-11-01,40760,Mazandaran,1294.3,36.25,53.55,Kiyasar,MASA,40.2086238861084
1998-11-01,40788,Mazandaran,16.7,36.64,53.2,Sari (Dasht-E-Naz Airport),MASA,69.65781021118164
1998-11-01,99299,Mazandaran,-10.0,36.74,53.84,Galugah,MASA,48.19846725463867
1998-11-01,99306,Mazandaran,-20.0,36.86,53.39,Bandar-E-Amirabad,MASA,72.48919227908802
1998-11-01,99309,Mazandaran,23.7,36.48,52.47,Amol,MASA,77.54723930358887
1998-11-01,99348,Mazandaran,1550.0,36.39,51.73,Kojur,MASA,115.25113773345947
1998-11-01,99357,Mazandaran,2120.0,36.2,51.8,Baladeh,MASA,96.3954849243164
1998-11-01,99360,Mazandaran,610.0,36.1,53.06,Polsefid,MASA,69.7823486328125
1998-11-01,99361,Mazandaran,1805.0,36.07,52.84,Alasht,MASA,103.29923439025879
1998-12-01,40732,Mazandaran,-20.0,36.9,50.68,Ramsar,MASA,255.12480115890503
1998-12-01,40734,Mazandaran,-20.9,36.66,51.47,Nowshahr,MASA,214.2145471572876
1998-12-01,40735,Mazandaran,1855.4,36.23,51.3,Siahbisheh,MASA,195.11968231201172
1998-12-01,40736,Mazandaran,-21.0,36.7,52.64,Babolsar,MASA,145.57441104284607
1998-12-01,40737,Mazandaran,14.7,36.49,52.11,Gharakhil,MASA,141.46689796447754
1998-12-01,40759,Mazandaran,23.0,36.54,53.0,Sari,MASA,140.31495332717896
1998-12-01,40760,Mazandaran,1294.3,36.25,53.55,Kiyasar,MASA,128.520339012146
1998-12-01,40788,Mazandaran,16.7,36.64,53.2,Sari (Dasht-E-Naz Airport),MASA,95.87349486351013
1998-12-01,99299,Mazandaran,-10.0,36.74,53.84,Galugah,MASA,66.14378643035889
1998-12-01,99306,Mazandaran,-20.0,36.86,53.39,Bandar-E-Amirabad,MASA,84.81021624217833
1998-12-01,99309,Mazandaran,23.7,36.48,52.47,Amol,MASA,123.8644208908081
1998-12-01,99348,Mazandaran,1550.0,36.39,51.73,Kojur,MASA,202.0999174118042
1998-12-01,99357,Mazandaran,2120.0,36.2,51.8,Baladeh,MASA,195.23267364501953
1998-12-01,99360,Mazandaran,610.0,36.1,53.06,Polsefid,MASA,177.98611783981323
1998-12-01,99361,Mazandaran,1805.0,36.07,52.84,Alasht,MASA,217.6127347946167
1999-01-01,40732,Mazandaran,-20.0,36.9,50.68,Ramsar,MASA,76.53667163848877
1999-01-01,40734,Mazandaran,-20.9,36.66,51.47,Nowshahr,MASA,74.67132568359375
1999-01-01,40735,Mazandaran,1855.4,36.23,51.3,Siahbisheh,MASA,120.72567749023438
1999-01-01,40736,Mazandaran,-21.0,36.7,52.64,Babolsar,MASA,82.83621616174679
1999-01-01,40737,Mazandaran,14.7,36.49,52.11,Gharakhil,MASA,86.45676040649414
1999-01-01,40759,Mazandaran,23.0,36.54,53.0,Sari,MASA,80.61886215209961
1999-01-01,40760,Mazandaran,1294.3,36.25,53.55,Kiyasar,MASA,100.77239799499512
1999-01-01,40788,Mazandaran,16.7,36.64,53.2,Sari (Dasht-E-Naz Airport),MASA,78.11845827102661
1999-01-01,99299,Mazandaran,-10.0,36.74,53.84,Galugah,MASA,54.57445526123047
1999-01-01,99306,Mazandaran,-20.0,36.86,53.39,Bandar-E-Amirabad,MASA,67.78715080746335
1999-01-01,99309,Mazandaran,23.7,36.48,52.47,Amol,MASA,80.24926197528839
1999-01-01,99348,Mazandaran,1550.0,36.39,51.73,Kojur,MASA,115.95838665962219
1999-01-01,99357,Mazandaran,2120.0,36.2,51.8,Baladeh,MASA,132.46862411499023
1999-01-01,99360,Mazandaran,610.0,36.1,53.06,Polsefid,MASA,98.05002880096436
1999-01-01,99361,Mazandaran,1805.0,36.07,52.84,Alasht,MASA,141.41122436523438
1999-02-01,40732,Mazandaran,-20.0,36.9,50.68,Ramsar,MASA,56.99108552932739
1999-02-01,40734,Mazandaran,-20.9,36.66,51.47,Nowshahr,MASA,57.549044609069824
1999-02-01,40735,Mazandaran,1855.4,36.23,51.3,Siahbisheh,MASA,59.955193519592285
1999-02-01,40736,Mazandaran,-21.0,36.7,52.64,Babolsar,MASA,51.27807633947618
1999-02-01,40737,Mazandaran,14.7,36.49,52.11,Gharakhil,MASA,54.74648571014404
1999-02-01,40759,Mazandaran,23.0,36.54,53.0,Sari,MASA,51.95170497894287
1999-02-01,40760,Mazandaran,1294.3,36.25,53.55,Kiyasar,MASA,43.966060638427734
1999-02-01,40788,Mazandaran,16.7,36.64,53.2,Sari (Dasht-E-Naz Airport),MASA,46.39883995056152
1999-02-01,99299,Mazandaran,-10.0,36.74,53.84,Galugah,MASA,34.17977523803711
1999-02-01,99306,Mazandaran,-20.0,36.86,53.39,Bandar-E-Amirabad,MASA,38.82948787226154
1999-02-01,99309,Mazandaran,23.7,36.48,52.47,Amol,MASA,63.2936897277832
1999-02-01,99348,Mazandaran,1550.0,36.39,51.73,Kojur,MASA,66.87135410308838
1999-02-01,99357,Mazandaran,2120.0,36.2,51.8,Baladeh,MASA,66.76782512664795
1999-02-01,99360,Mazandaran,610.0,36.1,53.06,Polsefid,MASA,59.79768657684326
1999-02-01,99361,Mazandaran,1805.0,36.07,52.84,Alasht,MASA,104.34056854248047
1999-03-01,40732,Mazandaran,-20.0,36.9,50.68,Ramsar,MASA,54.21697378158569
1999-03-01,40734,Mazandaran,-20.9,36.66,51.47,Nowshahr,MASA,64.07031965255737
1999-03-01,40735,Mazandaran,1855.4,36.23,51.3,Siahbisheh,MASA,178.92339515686035
1999-03-01,40736,Mazandaran,-21.0,36.7,52.64,Babolsar,MASA,56.922764612896614
1999-03-01,40737,Mazandaran,14.7,36.49,52.11,Gharakhil,MASA,72.99749422073364
1999-03-01,40759,Mazandaran,23.0,36.54,53.0,Sari,MASA,46.37328481674194
1999-03-01,40760,Mazandaran,1294.3,36.25,53.55,Kiyasar,MASA,46.355546951293945
1999-03-01,40788,Mazandaran,16.7,36.64,53.2,Sari (Dasht-E-Naz Airport),MASA,47.540066719055176
1999-03-01,99299,Mazandaran,-10.0,36.74,53.84,Galugah,MASA,37.75741243362427
1999-03-01,99306,Mazandaran,-20.0,36.86,53.39,Bandar-E-Amirabad,MASA,38.89342212401373
1999-03-01,99309,Mazandaran,23.7,36.48,52.47,Amol,MASA,68.28194880485535
1999-03-01,99348,Mazandaran,1550.0,36.39,51.73,Kojur,MASA,111.55879211425781
1999-03-01,99357,Mazandaran,2120.0,36.2,51.8,Baladeh,MASA,232.47310161590576
1999-03-01,99360,Mazandaran,610.0,36.1,53.06,Polsefid,MASA,129.84898567199707
1999-03-01,99361,Mazandaran,1805.0,36.07,52.84,Alasht,MASA,194.39386081695557
1999-04-01,40732,Mazandaran,-20.0,36.9,50.68,Ramsar,MASA,20.586029529571533
1999-04-01,40734,Mazandaran,-20.9,36.66,51.47,Nowshahr,MASA,29.835217475891113
1999-04-01,40735,Mazandaran,1855.4,36.23,51.3,Siahbisheh,MASA,147.30724143981934
1999-04-01,40736,Mazandaran,-21.0,36.7,52.64,Babolsar,MASA,14.817729274235148
1999-04-01,40737,Mazandaran,14.7,36.49,52.11,Gharakhil,MASA,25.640878200531006
1999-04-01,40759,Mazandaran,23.0,36.54,53.0,Sari,MASA,22.813199996948242
1999-04-01,40760,Mazandaran,1294.3,36.25,53.55,Kiyasar,MASA,22.23053479194641
1999-04-01,40788,Mazandaran,16.7,36.64,53.2,Sari (Dasht-E-Naz Airport),MASA,22.509446144104004
1999-04-01,99299,Mazandaran,-10.0,36.74,53.84,Galugah,MASA,12.2566819190979
1999-04-01,99306,Mazandaran,-20.0,36.86,53.39,Bandar-E-Amirabad,MASA,12.332676557447181
1999-04-01,99309,Mazandaran,23.7,36.48,52.47,Amol,MASA,22.960567474365234
1999-04-01,99348,Mazandaran,1550.0,36.39,51.73,Kojur,MASA,68.94917678833008
1999-04-01,99357,Mazandaran,2120.0,36.2,51.8,Baladeh,MASA,133.11248397827148
1999-04-01,99360,Mazandaran,610.0,36.1,53.06,Polsefid,MASA,30.103161334991455
1999-04-01,99361,Mazandaran,1805.0,36.07,52.84,Alasht,MASA,45.26206874847412
1999-05-01,40732,Mazandaran,-20.0,36.9,50.68,Ramsar,MASA,26.585018157958984
1999-05-01,40734,Mazandaran,-20.9,36.66,51.47,Nowshahr,MASA,19.67549991607666
1999-05-01,40735,Mazandaran,1855.4,36.23,51.3,Siahbisheh,MASA,37.44138050079346
1999-05-01,40736,Mazandaran,-21.0,36.7,52.64,Babolsar,MASA,16.255236777928797
1999-05-01,40737,Mazandaran,14.7,36.49,52.11,Gharakhil,MASA,19.343475818634033
1999-05-01,40759,Mazandaran,23.0,36.54,53.0,Sari,MASA,19.633166313171387
1999-05-01,40760,Mazandaran,1294.3,36.25,53.55,Kiyasar,MASA,15.173768043518066
1999-05-01,40788,Mazandaran,16.7,36.64,53.2,Sari (Dasht-E-Naz Airport),MASA,13.469037771224976
1999-05-01,99299,Mazandaran,-10.0,36.74,53.84,Galugah,MASA,13.309762477874756
1999-05-01,99306,Mazandaran,-20.0,36.86,53.39,Bandar-E-Amirabad,MASA,11.41598769281641
1999-05-01,99309,Mazandaran,23.7,36.48,52.47,Amol,MASA,20.826868057250977
1999-05-01,99348,Mazandaran,1550.0,36.39,51.73,Kojur,MASA,22.030429363250732
1999-05-01,99357,Mazandaran,2120.0,36.2,51.8,Baladeh,MASA,30.730884790420532
1999-05-01,99360,Mazandaran,610.0,36.1,53.06,Polsefid,MASA,22.452688217163086
1999-05-01,99361,Mazandaran,1805.0,36.07,52.84,Alasht,MASA,19.757493495941162
1999-06-01,40732,Mazandaran,-20.0,36.9,50.68,Ramsar,MASA,34.75283122062683
1999-06-01,40734,Mazandaran,-20.9,36.66,51.47,Nowshahr,MASA,18.795339465141296
1999-06-01,40735,Mazandaran,1855.4,36.23,51.3,Siahbisheh,MASA,30.517627000808716
1999-06-01,40736,Mazandaran,-21.0,36.7,52.64,Babolsar,MASA,21.442862864178007
1999-06-01,40737,Mazandaran,14.7,36.49,52.11,Gharakhil,MASA,17.26590394973755
1999-06-01,40759,Mazandaran,23.0,36.54,53.0,Sari,MASA,20.838224411010742
1999-06-01,40760,Mazandaran,1294.3,36.25,53.55,Kiyasar,MASA,13.033811569213867
1999-06-01,40788,Mazandaran,16.7,36.64,53.2,Sari (Dasht-E-Naz Airport),MASA,10.393096446990967
1999-06-01,99299,Mazandaran,-10.0,36.74,53.84,Galugah,MASA,7.920950174331665
1999-06-01,99306,Mazandaran,-20.0,36.86,53.39,Bandar-E-Amirabad,MASA,7.997546541897546
1999-06-01,99309,Mazandaran,23.7,36.48,52.47,Amol,MASA,22.997392177581787
1999-06-01,99348,Mazandaran,1550.0,36.39,51.73,Kojur,MASA,33.252185583114624
1999-06-01,99357,Mazandaran,2120.0,36.2,51.8,Baladeh,MASA,30.184490442276
1999-06-01,99360,Mazandaran,610.0,36.1,53.06,Polsefid,MASA,17.48802900314331
1999-06-01,99361,Mazandaran,1805.0,36.07,52.84,Alasht,MASA,19.238543033599854
1999-07-01,40732,Mazandaran,-20.0,36.9,50.68,Ramsar,MASA,29.574734091758728
1999-07-01,40734,Mazandaran,-20.9,36.66,51.47,Nowshahr,MASA,11.687685012817383
1999-07-01,40735,Mazandaran,1855.4,36.23,51.3,Siahbisheh,MASA,19.523894786834717
1999-07-01,40736,Mazandaran,-21.0,36.7,52.64,Babolsar,MASA,17.41749929083456
1999-07-01,40737,Mazandaran,14.7,36.49,52.11,Gharakhil,MASA,20.260994911193848
1999-07-01,40759,Mazandaran,23.0,36.54,53.0,Sari,MASA,17.400660037994385
1999-07-01,40760,Mazandaran,1294.3,36.25,53.55,Kiyasar,MASA,15.926381587982178
1999-07-01,40788,Mazandaran,16.7,36.64,53.2,Sari (Dasht-E-Naz Airport),MASA,19.09153127670288
1999-07-01,99299,Mazandaran,-10.0,36.74,53.84,Galugah,MASA,12.854279518127441
1999-07-01,99306,Mazandaran,-20.0,36.86,53.39,Bandar-E-Amirabad,MASA,16.57586843429962
1999-07-01,99309,Mazandaran,23.7,36.48,52.47,Amol,MASA,14.917520523071289
1999-07-01,99348,Mazandaran,1550.0,36.39,51.73,Kojur,MASA,13.924561023712158
1999-07-01,99357,Mazandaran,2120.0,36.2,51.8,Baladeh,MASA,21.91312074661255
1999-07-01,99360,Mazandaran,610.0,36.1,53.06,Polsefid,MASA,24.842618346214294
1999-07-01,99361,Mazandaran,1805.0,36.07,52.84,Alasht,MASA,26.366995930671692
1999-08-01,40732,Mazandaran,-20.0,36.9,50.68,Ramsar,MASA,64.23535394668579
1999-08-01,40734,Mazandaran,-20.9,36.66,51.47,Nowshahr,MASA,24.719887018203735
1999-08-01,40735,Mazandaran,1855.4,36.23,51.3,Siahbisheh,MASA,15.085352897644043
1999-08-01,40736,Mazandaran,-21.0,36.7,52.64,Babolsar,MASA,47.62938689329837
1999-08-01,40737,Mazandaran,14.7,36.49,52.11,Gharakhil,MASA,34.49740552902222
1999-08-01,40759,Mazandaran,23.0,36.54,53.0,Sari,MASA,37.32254874706268
1999-08-01,40760,Mazandaran,1294.3,36.25,53.55,Kiyasar,MASA,40.56139898300171
1999-08-01,40788,Mazandaran,16.7,36.64,53.2,Sari (Dasht-E-Naz Airport),MASA,29.38291847705841
1999-08-01,99299,Mazandaran,-10.0,36.74,53.84,Galugah,MASA,18.46703815460205
1999-08-01,99306,Mazandaran,-20.0,36.86,53.39,Bandar-E-Amirabad,MASA,28.809417479989147
1999-08-01,99309,Mazandaran,23.7,36.48,52.47,Amol,MASA,41.02585411071777
1999-08-01,99348,Mazandaran,1550.0,36.39,51.73,Kojur,MASA,28.150328636169434
1999-08-01,99357,Mazandaran,2120.0,36.2,51.8,Baladeh,MASA,27.18670654296875
1999-08-01,99360,Mazandaran,610.0,36.1,53.06,Polsefid,MASA,37.913285970687866
1999-08-01,99361,Mazandaran,1805.0,36.07,52.84,Alasht,MASA,41.622496604919434
1999-09-01,40732,Mazandaran,-20.0,36.9,50.68,Ramsar,MASA,30.29436683654785
1999-09-01,40734,Mazandaran,-20.9,36.66,51.47,Nowshahr,MASA,52.8492431640625
1999-09-01,40735,Mazandaran,1855.4,36.23,51.3,Siahbisheh,MASA,23.126473426818848
1999-09-01,40736,Mazandaran,-21.0,36.7,52.64,Babolsar,MASA,46.50955281753351
1999-09-01,40737,Mazandaran,14.7,36.49,52.11,Gharakhil,MASA,52.885459899902344
1999-09-01,40759,Mazandaran,23.0,36.54,53.0,Sari,MASA,38.947967529296875
1999-09-01,40760,Mazandaran,1294.3,36.25,53.55,Kiyasar,MASA,27.17452621459961
1999-09-01,40788,Mazandaran,16.7,36.64,53.2,Sari (Dasht-E-Naz Airport),MASA,44.54728698730469
1999-09-01,99299,Mazandaran,-10.0,36.74,53.84,Galugah,MASA,12.838693857192993
1999-09-01,99306,Mazandaran,-20.0,36.86,53.39,Bandar-E-Amirabad,MASA,33.88319990125005
1999-09-01,99309,Mazandaran,23.7,36.48,52.47,Amol,MASA,34.57341718673706
1999-09-01,99348,Mazandaran,1550.0,36.39,51.73,Kojur,MASA,29.02471160888672
1999-09-01,99357,Mazandaran,2120.0,36.2,51.8,Baladeh,MASA,42.364952087402344
1999-09-01,99360,Mazandaran,610.0,36.1,53.06,Polsefid,MASA,27.344520092010498
1999-09-01,99361,Mazandaran,1805.0,36.07,52.84,Alasht,MASA,26.991942644119263
1999-10-01,40732,Mazandaran,-20.0,36.9,50.68,Ramsar,MASA,79.14469909667969
1999-10-01,40734,Mazandaran,-20.9,36.66,51.47,Nowshahr,MASA,92.04124975204468
1999-10-01,40735,Mazandaran,1855.4,36.23,51.3,Siahbisheh,MASA,89.55506229400635
1999-10-01,40736,Mazandaran,-21.0,36.7,52.64,Babolsar,MASA,124.94584084560375
1999-10-01,40737,Mazandaran,14.7,36.49,52.11,Gharakhil,MASA,80.76293540000916
1999-10-01,40759,Mazandaran,23.0,36.54,53.0,Sari,MASA,76.7771167755127
1999-10-01,40760,Mazandaran,1294.3,36.25,53.55,Kiyasar,MASA,27.315242767333984
1999-10-01,40788,Mazandaran,16.7,36.64,53.2,Sari (Dasht-E-Naz Airport),MASA,74.07819366455078
1999-10-01,99299,Mazandaran,-10.0,36.74,53.84,Galugah,MASA,44.81308436393738
1999-10-01,99306,Mazandaran,-20.0,36.86,53.39,Bandar-E-Amirabad,MASA,75.77899072349415
1999-10-01,99309,Mazandaran,23.7,36.48,52.47,Amol,MASA,92.49122357368469
1999-10-01,99348,Mazandaran,1550.0,36.39,51.73,Kojur,MASA,88.78816223144531
1999-10-01,99357,Mazandaran,2120.0,36.2,51.8,Baladeh,MASA,72.5146484375
1999-10-01,99360,Mazandaran,610.0,36.1,53.06,Polsefid,MASA,30.34590435028076
1999-10-01,99361,Mazandaran,1805.0,36.07,52.84,Alasht,MASA,43.065847396850586
1999-11-01,40732,Mazandaran,-20.0,36.9,50.68,Ramsar,MASA,97.99640417098999
1999-11-01,40734,Mazandaran,-20.9,36.66,51.47,Nowshahr,MASA,159.8901596069336
1999-11-01,40735,Mazandaran,1855.4,36.23,51.3,Siahbisheh,MASA,203.6167516708374
1999-11-01,40736,Mazandaran,-21.0,36.7,52.64,Babolsar,MASA,201.33287938278502
1999-11-01,40737,Mazandaran,14.7,36.49,52.11,Gharakhil,MASA,149.96334743499756
1999-11-01,40759,Mazandaran,23.0,36.54,53.0,Sari,MASA,185.37588787078857
1999-11-01,40760,Mazandaran,1294.3,36.25,53.55,Kiyasar,MASA,72.41907119750977
1999-11-01,40788,Mazandaran,16.7,36.64,53.2,Sari (Dasht-E-Naz Airport),MASA,139.88019466400146
1999-11-01,99299,Mazandaran,-10.0,36.74,53.84,Galugah,MASA,79.71310615539551
1999-11-01,99306,Mazandaran,-20.0,36.86,53.39,Bandar-E-Amirabad,MASA,120.51320663628552
1999-11-01,99309,Mazandaran,23.7,36.48,52.47,Amol,MASA,176.7144718170166
1999-11-01,99348,Mazandaran,1550.0,36.39,51.73,Kojur,MASA,223.1435604095459
1999-11-01,99357,Mazandaran,2120.0,36.2,51.8,Baladeh,MASA,222.25097846984863
1999-11-01,99360,Mazandaran,610.0,36.1,53.06,Polsefid,MASA,115.72552299499512
1999-11-01,99361,Mazandaran,1805.0,36.07,52.84,Alasht,MASA,188.39613723754883
1999-12-01,40732,Mazandaran,-20.0,36.9,50.68,Ramsar,MASA,63.1768536567688
1999-12-01,40734,Mazandaran,-20.9,36.66,51.47,Nowshahr,MASA,71.90391540527344
1999-12-01,40735,Mazandaran,1855.4,36.23,51.3,Siahbisheh,MASA,86.23032188415527
1999-12-01,40736,Mazandaran,-21.0,36.7,52.64,Babolsar,MASA,61.41288633393769
1999-12-01,40737,Mazandaran,14.7,36.49,52.11,Gharakhil,MASA,63.513657569885254
1999-12-01,40759,Mazandaran,23.0,36.54,53.0,Sari,MASA,57.53187942504883
1999-12-01,40760,Mazandaran,1294.3,36.25,53.55,Kiyasar,MASA,51.651939392089844
1999-12-01,40788,Mazandaran,16.7,36.64,53.2,Sari (Dasht-E-Naz Airport),MASA,34.8187780380249
1999-12-01,99299,Mazandaran,-10.0,36.74,53.84,Galugah,MASA,21.517391204833984
1999-12-01,99306,Mazandaran,-20.0,36.86,53.39,Bandar-E-Amirabad,MASA,31.59866261344424
1999-12-01,99309,Mazandaran,23.7,36.48,52.47,Amol,MASA,48.86282157897949
1999-12-01,99348,Mazandaran,1550.0,36.39,51.73,Kojur,MASA,70.37069892883301
1999-12-01,99357,Mazandaran,2120.0,36.2,51.8,Baladeh,MASA,86.14520263671875
1999-12-01,99360,Mazandaran,610.0,36.1,53.06,Polsefid,MASA,76.13084602355957
1999-12-01,99361,Mazandaran,1805.0,36.07,52.84,Alasht,MASA,88.52943897247314
